A,B,C,D,E,Target
5,2,3,526,1,2
15,1,3,338,2,2
18,3,3,605,2,3
18,2,5,734,1,3
7,2,2,137,2,2
16,1,2,573,2,3
7,1,2,538,2,2
8,1,5,961,1,3
8,3,5,344,2,3
10,2,4,286,1,1
5,3,3,538,2,2
14,3,5,921,1,3
14,3,3,584,2,3
12,2,2,430,1,3
5,3,2,426,2,2
14,2,3,352,1,3
12,1,4,405,1,1
17,3,4,425,2,3
15,3,2,243,1,2
17,2,4,320,2,3
5,2,2,799,2,2
9,1,3,80,2,2
1,1,4,943,2,3
16,3,4,566,1,1
6,2,2,729,1,3
11,2,5,148,2,3
1,1,3,175,1,2
1,2,2,214,2,2
1,1,5,454,2,3
7,1,5,432,2,3
4,1,2,60,2,3
14,3,4,853,1,1
6,1,4,78,1,1
20,1,2,330,2,3
19,2,3,740,1,2
3,1,4,277,2,3
1,3,4,548,2,3
2,3,3,515,2,3
6,1,4,323,2,1
11,2,3,738,1,2
9,3,5,476,2,3
17,2,4,480,2,3
13,2,2,866,1,2
7,3,3,549,2,2
4,3,3,164,1,3
8,2,2,241,2,3
11,3,4,340,2,3
6,3,4,894,1,1
6,2,4,147,2,1
17,1,3,296,1,2
8,3,4,781,2,1
2,1,5,344,1,3
8,2,2,479,1,3
17,2,2,755,2,2
19,2,5,388,1,3
7,3,2,165,2,2
9,2,5,861,2,3
19,1,4,216,2,3
9,3,4,251,1,3
12,3,5,97,2,3
9,3,2,673,1,2
13,3,5,828,1,3
4,1,2,249,2,3
10,1,4,489,2,1
1,2,5,873,2,3
18,2,4,79,1,1
5,1,3,438,2,2
20,2,4,158,2,1
8,3,3,664,2,3
1,1,4,393,1,3
14,3,4,409,1,1
1,2,5,649,2,3
19,2,2,418,1,2
12,2,4,873,2,1
10,3,5,47,1,3
16,2,3,391,2,3
12,2,2,778,1,3
13,1,4,13,1,3
15,2,4,136,2,3
16,1,3,315,1,3
4,1,4,286,1,1
18,2,2,693,2,3
16,2,5,71,1,3
18,2,5,581,2,3
8,2,4,706,1,1
8,1,4,953,2,1
19,2,4,976,2,3
18,3,5,112,2,3
7,3,3,986,2,2
7,1,3,469,2,2
1,3,3,154,1,2
3,1,5,413,1,3
2,1,5,456,1,3
5,3,2,233,1,2
18,3,2,9,1,3
20,2,5,371,2,3
14,1,3,693,2,3
9,2,4,879,1,3
11,2,2,496,1,2
10,3,2,287,2,3
14,3,2,457,2,3
11,1,4,284,2,3
15,3,2,961,1,2
11,1,4,958,1,3
19,2,4,839,1,3
19,1,2,289,1,2
20,2,4,29,2,1
15,3,5,249,2,3
11,3,3,532,1,2
17,1,2,626,2,2
6,2,5,894,2,3
2,3,2,393,2,3
12,3,2,499,1,3
20,2,4,839,1,1
16,2,5,776,2,3
8,3,3,536,2,3
5,2,4,258,2,3
11,1,3,581,1,2
5,1,3,444,2,2
8,2,3,416,2,3
3,3,5,532,2,3
18,1,2,555,2,3
15,1,3,892,1,2
1,1,2,320,1,2
20,1,4,893,2,1
7,2,2,513,1,2
20,3,4,747,2,1
1,3,2,9,2,2
8,1,5,261,2,3
12,1,4,330,2,1
15,1,5,567,2,3
10,2,3,156,2,3
6,1,2,100,1,3
18,1,3,359,1,3
1,3,2,328,2,2
15,3,2,822,1,2
6,2,5,359,2,3
4,3,2,498,2,3
9,1,4,844,1,3
11,3,2,965,1,2
11,1,3,305,1,2
17,2,2,665,2,2
11,3,4,173,2,3
7,3,4,885,2,3
1,1,3,968,2,2
7,1,2,609,2,2
15,1,4,98,1,3
8,1,2,147,2,3
4,2,3,961,2,3
9,2,2,294,1,2
12,2,5,914,1,3
9,3,4,280,2,3
4,1,3,822,1,3
2,1,3,189,2,3
3,2,3,266,2,2
15,2,3,652,1,2
12,1,2,901,2,3
10,2,4,665,1,1
5,2,3,781,1,2
9,3,2,332,1,2
7,2,5,655,2,3
5,2,5,331,1,3
2,1,3,598,2,3
20,2,2,612,1,3
4,2,5,102,2,3
9,1,4,234,2,3
6,1,5,205,1,3
9,3,3,655,2,2
4,3,4,160,1,1
17,2,5,231,2,3
5,1,3,167,2,2
4,3,5,802,2,3
10,3,2,340,2,3
5,2,4,115,2,3
20,1,4,948,2,1
13,1,2,114,2,2
10,1,2,804,1,3
12,2,2,5,2,3
1,2,2,442,2,2
20,1,3,321,1,3
1,1,4,431,1,3
3,1,5,789,1,3
1,1,5,673,1,3
6,3,3,988,1,3
20,1,5,126,2,3
17,2,5,700,1,3
4,2,4,714,1,1
16,1,2,311,1,3
19,3,4,206,1,3
5,1,5,67,1,3
1,3,5,840,1,3
5,2,3,276,1,2
9,2,3,142,1,2
10,1,4,594,2,1
5,3,2,752,1,2
17,1,3,362,2,2
14,1,3,207,1,3
5,3,2,916,2,2
17,1,5,168,1,3
17,2,2,846,1,2
6,2,5,782,2,3
15,1,2,487,1,2
17,1,3,659,1,2
12,1,2,79,1,3
17,3,3,304,1,2
13,2,4,460,2,3
20,2,3,383,2,3
10,3,4,85,1,1
13,2,4,540,2,3
20,1,3,586,2,3
6,2,4,598,1,1
6,3,5,312,2,3
16,1,5,648,2,3
10,2,5,155,1,3
19,1,3,842,2,2
18,2,2,227,2,3
8,2,5,831,1,3
10,3,5,421,2,3
12,2,3,658,2,3
5,3,2,501,1,2
1,2,2,512,1,2
15,2,5,355,2,3
14,2,4,803,2,1
1,1,5,673,2,3
19,1,3,240,2,2
1,2,3,277,1,2
14,1,3,707,1,3
7,3,2,386,1,2
16,2,2,649,2,3
18,3,2,117,2,3
6,2,5,910,1,3
3,2,4,822,2,3
9,1,3,887,2,2
3,2,5,808,2,3
10,2,3,287,1,3
9,2,3,848,2,2
11,1,2,425,2,2
12,3,5,969,2,3
11,1,2,74,2,2
8,3,2,452,1,3
15,3,2,598,1,2
2,3,2,750,1,3
20,2,5,473,1,3
7,3,5,896,2,3
2,1,3,643,2,3
9,3,3,501,2,2
20,3,4,516,2,1
20,2,4,961,2,1
13,1,3,481,2,2
6,3,5,435,2,3
3,3,3,774,2,2
1,1,2,868,2,2
18,2,4,100,1,1
13,3,5,70,2,3
9,1,5,699,1,3
7,1,5,295,2,3
6,3,4,509,1,1
2,3,4,87,1,1
4,2,2,540,2,3
2,3,2,411,1,3
17,1,3,904,2,2
20,2,4,798,2,1
12,1,3,618,1,3
10,3,5,648,2,3
10,1,5,116,2,3
19,1,2,149,1,2
12,1,3,265,2,3
11,3,4,259,1,3
16,2,3,767,2,3
10,1,5,597,1,3
9,1,3,478,2,2
14,1,3,471,2,3
1,1,5,604,2,3
3,2,5,659,1,3
8,1,2,784,1,3
11,1,2,866,2,2
8,2,3,655,1,3
19,1,5,326,2,3
9,3,3,315,1,2
6,3,2,256,1,3
15,2,2,928,2,2
2,3,2,474,2,3
10,1,3,667,2,3
1,3,4,188,1,3
3,2,2,253,1,2
6,3,2,712,2,3
1,3,2,170,2,2
7,1,3,792,1,2
18,2,3,682,1,3
20,3,4,434,2,1
5,1,4,846,2,3
14,1,2,423,1,3
11,1,2,579,1,2
16,1,3,929,2,3
1,3,5,134,2,3
10,2,2,962,1,3
16,3,3,382,1,3
18,3,4,435,2,1
8,2,3,187,2,3
3,3,3,192,1,2
1,1,5,792,2,3
6,2,5,874,1,3
14,2,3,437,1,3
2,3,2,568,2,3
7,3,5,944,1,3
11,2,4,835,1,3
10,1,2,302,1,3
13,3,2,446,2,2
8,1,3,161,2,3
3,1,5,234,2,3
7,2,2,818,2,2
11,1,2,605,2,2
16,3,3,926,2,3
17,3,4,571,1,3
18,3,3,868,1,3
2,2,2,890,1,3
5,2,5,684,2,3
2,1,3,374,2,3
1,3,4,708,2,3
2,2,2,573,2,3
9,3,5,713,2,3
2,2,3,682,2,3
17,2,5,25,1,3
4,1,3,389,2,3
10,1,5,688,2,3
14,2,2,756,2,3
7,2,2,329,1,2
14,3,4,444,1,1
5,3,2,297,2,2
1,2,3,969,2,2
10,1,3,312,2,3
10,3,5,681,1,3
10,1,3,650,2,3
19,2,4,821,1,3
6,3,2,539,1,3
20,1,3,499,2,3
10,1,5,941,1,3
12,1,4,944,1,1
2,2,4,335,2,1
14,3,3,432,1,3
11,1,3,888,2,2
20,1,3,840,1,3
9,3,4,43,2,3
14,3,2,780,1,3
16,3,3,323,2,3
1,2,5,903,1,3
7,1,4,533,1,3
19,3,5,422,2,3
20,1,3,503,1,3
4,1,4,503,1,1
16,2,4,87,2,1
8,2,5,850,2,3
3,1,5,974,1,3
8,1,3,325,2,3
11,2,5,458,1,3
19,2,4,879,1,3
1,2,3,367,2,2
5,3,4,614,1,3
15,1,3,18,2,2
2,2,3,721,1,3
11,1,2,275,2,2
10,2,3,847,1,3
20,1,3,577,1,3
12,2,3,313,1,3
7,2,2,507,1,2
1,3,5,876,2,3
11,1,5,608,1,3
4,2,5,692,1,3
1,3,2,586,1,2
6,2,2,284,2,3
18,3,5,169,2,3
15,2,2,699,1,2
2,3,2,605,2,3
10,2,3,450,1,3
16,1,3,623,1,3
14,1,4,477,2,1
3,2,5,768,2,3
17,2,3,386,2,2
20,1,3,148,2,3
1,1,3,296,1,2
4,1,2,862,2,3
2,2,3,958,1,3
9,1,2,60,1,2
6,3,5,965,1,3
12,3,5,270,2,3
1,1,5,475,2,3
15,3,3,198,1,2
15,3,3,628,2,2
14,1,4,776,2,1
18,1,4,137,1,1
6,1,4,481,2,1
8,3,2,680,2,3
12,2,2,846,1,3
7,3,3,310,2,2
8,3,3,873,2,3
5,2,2,134,1,2
1,3,4,771,1,3
4,2,5,94,1,3
9,1,2,935,1,2
8,1,4,319,1,1
8,1,5,984,1,3
1,3,4,733,1,3
11,3,4,790,1,3
9,3,5,655,1,3
6,3,2,90,1,3
9,1,3,951,1,2
1,3,4,973,1,3
19,1,3,549,2,2
6,1,5,576,2,3
3,1,5,291,2,3
13,1,2,975,2,2
9,1,3,292,2,2
19,3,3,516,1,2
9,2,5,405,2,3
15,3,3,306,1,2
1,2,4,172,2,3
19,3,5,44,1,3
5,2,5,412,2,3
15,2,4,517,2,3
13,2,5,426,1,3
10,1,5,270,2,3
11,3,3,749,1,2
3,2,4,729,1,3
14,2,4,361,1,1
4,1,5,385,2,3
7,3,5,822,2,3
5,1,5,547,2,3
6,3,3,548,2,3
6,1,4,126,2,1
8,2,3,482,1,3
12,2,2,683,1,3
18,2,5,907,1,3
10,1,4,90,1,1
14,3,4,436,2,1
11,2,4,574,1,3
9,2,3,150,1,2
5,3,4,152,1,3
10,1,2,927,2,3
6,2,4,471,2,1
12,2,4,405,1,1
19,1,5,20,2,3
9,1,2,894,2,2
5,2,5,212,1,3
8,2,5,945,1,3
7,2,3,185,2,2
19,3,5,26,2,3
19,2,2,6,1,2
5,1,3,404,1,2
5,1,4,10,2,3
6,3,4,98,2,1
10,2,5,446,2,3
8,2,3,118,2,3
11,3,3,239,1,2
8,3,2,635,1,3
20,1,3,407,1,3
19,3,3,367,2,2
20,1,4,720,1,1
5,3,3,376,1,2
19,3,5,894,2,3
18,1,2,8,1,3
15,1,3,898,2,2
7,3,2,466,2,2
11,2,4,764,1,3
2,2,5,209,1,3
15,1,5,293,2,3
6,2,5,843,2,3
5,2,5,65,2,3
1,3,4,259,1,3
16,3,3,61,1,3
6,3,3,431,1,3
10,3,3,600,2,3
5,1,4,425,2,3
18,2,4,546,2,1
6,3,4,814,2,1
16,3,3,689,1,3
12,3,5,125,1,3
18,3,5,467,2,3
2,2,3,736,1,3
9,1,3,321,2,2
14,2,4,621,2,1
18,3,4,704,2,1
8,3,2,262,1,3
10,3,2,755,2,3
13,2,3,32,1,2
12,1,5,429,1,3
6,2,5,640,1,3
11,3,4,131,1,3
6,2,2,4,1,3
16,2,3,415,2,3
12,2,2,907,1,3
10,2,5,767,2,3
15,3,3,16,2,2
4,3,4,926,1,1
16,2,2,668,2,3
8,1,2,912,2,3
12,1,5,610,2,3
13,1,5,232,1,3
12,2,3,425,1,3
5,2,4,298,1,3
19,1,5,193,2,3
7,3,3,591,2,2
13,1,3,616,1,2
5,2,3,699,2,2
12,3,3,255,2,3
14,2,5,946,2,3
3,2,5,462,2,3
19,3,3,999,2,2
3,3,2,55,1,2
19,2,5,827,1,3
14,2,5,532,1,3
15,2,4,170,2,3
10,2,3,873,1,3
9,2,2,491,2,2
20,3,2,539,2,3
19,3,5,599,2,3
14,1,3,770,1,3
11,3,4,405,1,3
20,1,2,137,2,3
9,1,3,868,1,2
8,1,4,133,2,1
14,2,4,830,2,1
7,3,5,572,2,3
8,1,4,257,2,1
20,1,2,188,2,3
6,1,3,377,2,3
19,1,2,538,2,2
3,3,4,262,2,3
15,3,3,17,1,2
11,3,2,942,2,2
11,3,5,322,1,3
10,1,5,987,2,3
19,3,5,528,1,3
9,1,2,908,2,2
16,3,2,164,2,3
6,1,3,402,1,3
12,3,5,971,1,3
16,1,2,715,2,3
10,3,3,833,1,3
16,3,4,974,1,1
3,2,2,907,1,2
14,1,4,698,1,1
18,2,3,200,2,3
9,2,2,433,1,2
16,2,5,609,2,3
18,3,4,159,1,1
15,2,2,470,1,2
13,3,3,367,1,2
11,1,2,753,2,2
20,3,3,533,1,3
19,3,4,497,2,3
6,1,2,573,1,3
18,2,3,801,1,3
9,3,3,579,1,2
20,2,5,863,2,3
14,1,4,298,2,1
3,1,5,677,1,3
2,2,5,295,1,3
18,3,4,713,1,1
5,1,4,525,2,3
15,2,2,756,2,2
6,1,2,270,1,3
4,3,4,526,2,1
9,1,3,505,1,2
19,2,3,762,2,2
4,2,2,771,1,3
18,1,3,654,2,3
11,2,2,586,1,2
8,2,4,16,1,1
4,1,5,316,1,3
20,3,4,293,2,1
16,3,4,339,2,1
2,2,3,871,2,3
20,2,5,37,1,3
15,2,5,891,2,3
10,2,4,337,2,1
5,2,5,803,2,3
18,3,4,371,1,1
16,3,5,102,2,3
7,2,2,8,1,2
5,3,2,91,1,2
13,3,3,473,1,2
4,2,3,468,2,3
16,3,5,489,1,3
20,3,3,528,1,3
11,1,3,869,1,2
2,1,3,311,1,3
18,1,3,955,1,3
12,3,5,862,1,3
10,2,5,48,1,3
15,3,4,83,1,3
14,2,5,992,2,3
17,3,5,811,2,3
20,2,3,726,1,3
3,3,4,326,1,3
3,1,3,591,1,2
12,1,4,10,1,1
11,2,2,366,1,2
12,3,2,675,1,3
6,2,4,751,2,1
20,3,5,540,1,3
13,2,5,387,1,3
13,3,5,564,2,3
14,2,2,210,2,3
15,1,4,237,2,3
12,3,4,174,1,1
13,1,4,252,1,3
8,1,4,409,2,1
14,1,4,889,1,1
16,1,3,762,2,3
18,2,2,869,1,3
3,3,3,910,2,2
14,3,5,89,2,3
14,1,5,378,1,3
8,1,2,949,1,3
7,3,3,463,1,2
11,2,4,939,2,3
2,2,4,628,1,1
17,3,5,456,1,3
13,1,4,864,1,3
3,1,4,211,2,3
1,1,5,246,1,3
12,2,4,69,1,1
9,2,4,769,1,3
12,1,3,210,2,3
20,2,4,631,2,1
16,1,2,137,1,3
1,2,4,340,1,3
3,2,2,418,1,2
18,3,2,205,2,3
16,1,3,799,2,3
11,2,3,126,2,2
10,2,4,694,1,1
3,2,5,553,2,3
11,1,3,682,1,2
2,1,4,863,2,1
11,3,3,109,1,2
10,3,3,289,1,3
8,3,5,852,2,3
17,2,4,866,1,3
10,2,4,480,2,1
8,3,2,332,1,3
18,2,3,918,1,3
4,1,3,189,2,3
18,2,4,450,2,1
12,1,4,994,2,1
1,2,4,663,1,3
7,2,3,655,2,2
16,3,4,575,2,1
14,1,5,331,1,3
2,3,5,566,1,3
3,3,5,367,2,3
9,1,5,954,1,3
11,3,5,921,2,3
7,1,3,248,1,2
9,1,3,360,1,2
4,2,4,673,2,1
18,1,2,541,1,3
18,1,5,660,2,3
6,2,2,928,1,3
18,2,5,679,2,3
1,3,4,503,2,3
13,3,5,129,2,3
19,3,3,61,2,2
2,2,3,821,1,3
13,1,2,661,2,2
12,3,5,467,2,3
8,3,3,668,1,3
19,3,2,517,1,2
4,3,4,204,1,1
17,1,2,976,1,2
2,3,2,53,2,3
8,2,5,797,1,3
12,2,2,981,1,3
7,1,3,968,1,2
11,2,3,221,1,2
11,3,3,972,2,2
1,1,3,940,1,2
18,2,3,103,1,3
20,1,4,748,1,1
11,3,4,673,1,3
5,1,4,412,2,3
20,3,5,619,2,3
5,2,2,436,1,2
10,3,4,225,2,1
14,1,4,238,1,1
8,2,2,815,1,3
15,2,5,42,1,3
14,1,3,367,2,3
1,1,5,803,1,3
19,1,4,302,2,3
1,1,4,689,1,3
2,2,2,28,2,3
12,2,2,992,2,3
12,1,2,601,2,3
6,3,5,870,1,3
9,3,5,879,1,3
20,1,5,692,2,3
1,2,3,837,2,2
12,1,2,482,2,3
7,1,2,459,2,2
16,2,3,956,2,3
3,3,4,993,2,3
18,3,2,930,1,3
10,2,2,92,1,3
20,1,2,367,1,3
12,2,4,463,2,1
14,1,2,549,2,3
7,3,4,98,2,3
15,2,4,276,2,3
14,2,4,755,2,1
13,3,3,600,1,2
6,3,5,862,1,3
11,2,2,191,2,2
15,2,4,924,2,3
1,3,2,95,2,2
4,3,2,823,2,3
9,1,4,92,2,3
10,3,3,343,2,3
18,3,4,40,1,1
10,1,2,312,2,3
17,3,5,277,2,3
5,3,4,287,2,3
8,3,3,403,1,3
12,1,4,351,1,1
9,2,3,582,2,2
14,3,4,224,1,1
3,1,5,621,1,3
8,2,5,449,1,3
11,1,3,430,2,2
5,1,2,508,1,2
2,1,4,747,2,1
10,2,5,119,1,3
20,1,3,828,2,3
17,1,5,16,1,3
5,3,2,240,2,2
19,2,4,768,2,3
18,3,5,329,2,3
10,2,4,875,2,1
14,1,3,906,2,3
19,2,4,536,2,3
13,2,3,902,1,2
19,2,3,380,1,2
10,2,5,415,1,3
12,1,4,239,2,1
10,2,4,912,1,1
5,3,5,691,2,3
20,2,3,124,1,3
17,2,3,204,1,2
15,1,5,201,1,3
19,3,2,678,2,2
11,2,4,498,2,3
17,2,3,761,2,2
20,2,3,332,2,3
17,1,3,27,2,2
13,1,2,911,1,2
1,2,2,182,2,2
4,2,4,514,1,1
16,3,5,667,2,3
19,3,5,756,1,3
12,2,4,364,1,1
1,3,3,308,2,2
14,2,4,369,2,1
15,2,5,130,1,3
8,3,2,191,1,3
6,1,2,943,2,3
15,1,4,466,1,3
8,3,4,224,2,1
2,1,4,53,2,1
20,1,2,317,2,3
12,3,5,549,2,3
11,3,4,363,2,3
20,2,2,836,1,3
16,1,3,144,1,3
6,1,3,903,2,3
19,1,5,945,1,3
20,2,2,265,2,3
11,3,3,598,2,2
20,1,3,317,1,3
10,3,5,313,1,3
19,1,4,625,1,3
10,3,2,717,1,3
3,3,4,974,2,3
14,3,5,764,2,3
7,3,3,807,1,2
10,1,4,279,2,1
19,2,5,205,1,3
14,2,5,786,1,3
9,3,4,900,1,3
19,3,5,451,2,3
2,3,5,219,2,3
2,3,5,598,2,3
1,2,2,612,1,2
19,3,5,507,2,3
7,2,2,791,1,2
17,3,2,973,2,2
2,2,2,334,1,3
14,1,3,580,1,3
11,2,4,825,2,3
9,3,3,389,1,2
19,3,4,582,2,3
3,3,3,683,2,2
1,1,2,533,1,2
18,1,2,782,1,3
17,1,4,320,1,3
15,3,4,730,1,3
4,1,5,953,1,3
1,3,5,66,2,3
2,2,3,530,2,3
2,2,4,321,2,1
8,3,4,792,1,1
12,1,5,527,1,3
4,1,3,510,2,3
20,3,5,975,1,3
11,2,2,966,1,2
9,2,4,330,1,3
10,1,4,278,1,1
20,3,3,45,2,3
17,1,5,147,2,3
19,2,4,635,1,3
8,3,3,875,2,3
19,3,5,585,2,3
17,1,4,843,1,3
17,3,3,652,1,2
20,1,2,597,2,3
20,2,3,758,1,3
7,3,4,938,1,3
15,2,2,367,2,2
2,3,5,780,2,3
1,3,2,308,1,2
6,1,2,723,2,3
10,1,3,832,1,3
6,2,4,194,2,1
5,2,5,521,2,3
18,2,4,530,1,1
6,1,4,168,2,1
11,1,2,488,2,2
3,3,3,321,1,2
8,3,2,928,2,3
8,1,3,127,2,3
4,2,4,79,1,1
12,3,2,729,1,3
9,3,5,196,2,3
9,1,4,336,2,3
4,2,5,382,2,3
12,2,4,527,1,1
2,1,4,250,1,1
20,2,4,389,2,1
20,2,5,794,1,3
13,1,3,939,2,2
6,2,4,287,1,1
12,2,5,122,1,3
15,3,3,847,2,2
5,1,5,728,1,3
8,1,5,548,1,3
8,2,4,72,2,1
1,2,5,310,2,3
12,1,3,692,2,3
9,1,4,684,1,3
12,1,2,11,2,3
1,1,2,560,1,2
16,2,5,601,2,3
12,2,5,550,1,3
4,1,5,901,1,3
6,2,4,347,1,1
15,2,5,854,1,3
10,3,4,330,1,1
11,3,5,52,1,3
14,2,3,83,2,3
12,3,4,957,1,1
12,1,4,140,1,1
10,2,3,239,1,3
3,1,3,875,1,2
16,3,3,504,2,3
11,3,3,36,2,2
6,1,3,68,1,3
10,2,2,913,1,3
6,2,5,547,2,3
18,3,2,322,2,3
10,2,3,551,1,3
10,3,3,43,2,3
4,2,3,836,2,3
4,1,3,683,2,3
10,3,3,623,2,3
7,2,4,559,2,3
2,1,5,963,1,3
7,3,3,975,1,2
20,2,5,101,2,3
12,1,3,230,1,3
10,2,5,907,2,3
16,1,2,943,2,3
11,1,4,663,1,3
5,1,4,427,1,3
2,1,2,330,2,3
17,2,4,900,1,3
7,2,3,117,1,2
13,2,4,447,1,3
5,2,3,249,2,2
2,3,3,674,2,3
6,1,5,229,1,3
11,1,2,325,1,2
13,2,5,138,1,3
1,3,3,367,2,2
14,3,5,263,2,3
17,3,3,917,1,2
15,3,2,451,2,2
5,3,4,906,2,3
19,1,5,530,1,3
6,2,3,138,2,3
4,3,4,284,1,1
10,3,2,619,2,3
6,3,3,808,1,3
11,2,2,160,1,2
4,2,2,535,2,3
8,3,5,335,1,3
20,1,4,531,1,1
10,3,3,765,2,3
14,3,5,413,1,3
6,1,3,992,1,3
18,2,3,281,1,3
7,2,4,206,2,3
5,3,5,947,1,3
1,1,5,554,2,3
19,2,2,90,2,2
7,1,3,913,1,2
16,2,2,628,2,3
8,3,3,946,1,3
7,3,3,367,2,2
6,3,5,592,2,3
11,1,5,386,2,3
13,3,4,468,2,3
20,1,5,718,2,3
15,2,4,730,1,3
15,2,2,852,2,2
9,2,2,99,2,2
15,1,5,209,1,3
7,2,5,165,1,3
17,1,3,739,2,2
16,3,4,429,1,1
5,1,3,504,1,2
19,3,3,37,2,2
11,1,5,737,2,3
16,3,2,790,2,3
7,2,4,840,1,3
1,1,5,941,2,3
14,3,4,870,1,1
3,1,4,76,2,3
15,2,2,597,1,2
19,3,4,149,1,3
18,2,4,917,1,1
10,1,5,106,2,3
13,3,5,60,2,3
18,3,2,437,2,3
1,1,5,858,2,3
20,1,5,202,2,3
2,2,2,422,1,3
8,2,5,694,1,3
8,1,4,475,2,1
3,3,2,558,2,2
3,1,5,211,2,3
9,1,3,330,2,2
17,3,5,222,1,3
1,2,5,913,1,3
20,2,3,193,2,3
6,1,2,651,2,3
10,3,5,871,2,3
16,1,5,305,1,3
6,1,3,606,2,3
6,2,4,696,2,1
12,2,5,891,1,3
16,1,2,99,1,3
8,2,3,171,1,3
4,1,5,546,2,3
12,3,3,113,1,3
18,3,3,707,2,3
1,2,2,107,2,2
7,3,5,855,1,3
4,2,2,681,2,3
9,3,2,678,1,2
4,2,5,107,1,3
6,3,3,551,2,3
11,2,2,725,2,2
13,2,4,873,1,3
10,3,5,80,1,3
7,2,4,535,2,3
2,1,4,672,1,1
5,1,4,14,2,3
15,3,2,497,1,2
18,3,3,543,1,3
8,2,2,891,2,3
19,2,2,267,2,2
10,2,4,111,2,1
12,1,2,48,1,3
5,2,4,864,1,3
18,3,4,861,1,1
2,1,4,339,1,1
18,1,3,49,1,3
10,2,2,470,1,3
4,3,3,661,1,3
20,2,3,642,1,3
17,1,5,395,1,3
20,1,2,233,1,3
1,1,2,880,1,2
9,2,4,834,1,3
20,1,2,281,1,3
12,2,4,537,1,1
5,2,5,235,1,3
11,2,3,69,2,2
2,2,5,104,1,3
15,3,2,955,1,2
1,3,4,915,2,3
5,2,2,904,2,2
17,2,5,479,2,3
1,3,2,582,1,2
1,1,3,279,2,2
5,2,5,694,1,3
16,3,5,396,2,3
1,1,3,289,1,2
18,2,2,838,2,3
19,1,2,160,1,2
6,3,5,742,2,3
17,3,4,939,1,3
1,3,4,919,2,3
7,2,2,616,1,2
5,1,3,519,1,2
2,1,2,926,1,3
13,2,4,820,1,3
3,3,4,245,1,3
8,3,2,649,2,3
18,3,4,750,1,1
1,3,2,784,2,2
8,2,4,904,2,1
3,2,4,521,2,3
3,1,4,905,1,3
12,2,4,750,1,1
10,2,4,539,2,1
15,3,2,214,1,2
20,2,2,855,1,3
5,1,4,695,1,3
14,3,2,697,1,3
10,3,2,316,2,3
19,2,3,900,1,2
8,1,4,613,2,1
16,1,5,464,1,3
17,2,2,983,2,2
16,2,4,601,1,1
9,3,5,325,1,3
7,3,4,764,2,3
20,1,3,718,2,3
12,2,5,456,1,3
11,2,2,724,1,2
8,3,3,22,2,3
9,3,3,472,1,2
4,1,5,324,1,3
2,2,3,565,2,3
16,2,5,737,2,3
2,3,2,162,1,3
14,2,4,25,2,1
7,2,5,536,1,3
9,3,4,257,2,3
3,2,5,518,1,3
12,1,2,976,2,3
7,2,3,684,2,2
16,1,4,929,2,1
18,1,5,322,1,3
17,2,4,23,1,3
13,2,2,496,1,2
6,1,5,460,2,3
11,2,5,661,2,3
9,2,4,627,1,3
8,3,4,960,1,1
11,1,2,669,2,2
8,1,5,672,2,3
14,1,5,276,2,3
14,3,2,13,2,3
14,3,3,125,2,3
18,2,5,391,1,3
12,3,5,706,1,3
18,1,5,508,2,3
17,2,4,392,2,3
2,3,3,201,2,3
16,3,3,858,1,3
18,2,2,878,2,3
7,3,2,553,1,2
1,2,3,638,1,2
14,2,3,443,2,3
12,1,4,955,2,1
8,3,5,894,1,3
10,2,2,596,1,3
3,1,3,938,2,2
17,2,5,702,1,3
5,2,2,347,2,2
9,1,5,14,2,3
11,3,3,218,1,2
8,2,2,662,2,3
2,3,3,612,1,3
15,3,3,957,1,2
14,2,4,355,1,1
6,2,2,158,1,3
8,2,4,431,2,1
15,2,2,776,1,2
6,3,4,889,2,1
1,3,2,178,2,2
1,1,4,130,1,3
20,1,2,723,2,3
12,2,4,202,1,1
14,2,5,523,1,3
5,2,4,145,2,3
8,3,4,683,1,1
15,3,4,162,1,3
2,1,4,629,1,1
12,1,2,83,1,3
9,1,4,166,1,3
6,3,4,414,2,1
5,2,3,846,1,2
17,3,5,814,1,3
2,1,4,732,1,1
1,3,2,662,2,2
9,3,5,715,1,3
17,2,5,984,1,3
16,2,3,339,2,3
2,1,4,905,2,1
20,1,2,156,2,3
9,2,2,795,1,2
3,1,2,674,2,2
16,2,4,225,2,1
1,3,4,581,2,3
16,1,5,964,2,3
13,2,4,127,2,3
5,2,4,162,1,3
14,2,4,646,1,1
10,1,5,369,1,3
7,2,3,252,1,2
16,3,5,831,1,3
4,2,4,887,1,1
5,1,3,408,1,2
6,2,3,276,2,3
11,3,2,642,2,2
9,1,2,649,2,2
18,2,3,956,1,3
4,3,4,583,2,1
16,3,5,721,2,3
7,1,4,411,2,3
12,3,3,235,1,3
12,3,2,564,1,3
2,1,5,17,1,3
15,2,5,958,2,3
5,3,3,973,2,2
6,2,2,831,2,3
11,2,4,273,2,3
8,2,4,201,2,1
14,2,3,724,2,3
9,2,4,635,1,3
15,3,4,925,1,3
1,2,5,884,1,3
5,2,4,304,2,3
7,3,2,370,2,2
16,1,4,245,2,1
3,2,3,970,2,2
6,3,4,504,2,1
13,3,4,574,2,3
4,1,2,533,2,3
7,3,4,678,1,3
20,1,4,684,2,1
6,3,2,437,2,3
15,2,4,90,2,3
12,1,3,557,1,3
7,3,5,136,2,3
10,1,4,767,1,1
2,1,4,330,1,1
4,2,5,662,2,3
20,3,2,961,2,3
15,1,5,477,2,3
13,3,3,555,1,2
4,1,4,926,1,1
13,2,3,644,2,2
2,1,5,375,2,3
8,2,4,698,1,1
5,3,4,495,1,3
16,2,4,516,1,1
19,1,4,729,2,3
3,1,3,886,1,2
5,1,4,600,1,3
10,1,3,610,2,3
20,1,5,170,2,3
6,2,3,85,1,3
3,3,4,551,1,3
2,1,3,90,2,3
12,1,5,860,2,3
18,3,5,293,2,3
14,2,5,302,1,3
10,3,2,244,2,3
1,3,4,878,2,3
13,2,5,217,2,3
1,2,4,76,2,3
20,3,2,153,1,3
19,3,3,985,1,2
8,3,3,695,2,3
11,2,3,901,1,2
2,2,2,965,2,3
2,3,4,621,2,1
17,1,3,624,2,2
7,2,3,791,2,2
2,1,3,7,1,3
1,1,5,112,1,3
13,1,4,765,2,3
10,1,4,987,1,1
5,2,3,957,2,2
7,2,3,99,2,2
15,2,3,926,1,2
18,2,4,377,2,1
9,1,3,563,2,2
9,2,3,20,2,2
16,2,2,367,2,3
5,3,4,932,1,3
17,3,3,84,1,2
2,1,3,455,1,3
20,2,3,610,1,3
15,3,5,459,2,3
20,2,3,228,1,3
11,3,3,538,1,2
16,3,4,658,2,1
9,3,5,724,1,3
13,2,4,528,2,3
20,3,2,117,2,3
2,1,4,29,1,1
20,3,2,51,2,3
3,2,2,543,1,2
5,1,3,801,2,2
18,2,3,690,1,3
15,2,3,638,2,2
7,3,4,208,2,3
5,1,4,463,1,3
3,3,4,100,2,3
18,3,5,629,1,3
5,1,4,662,2,3
8,1,5,347,1,3
18,2,5,469,2,3
13,3,3,51,2,2
10,1,3,109,2,3
10,2,2,658,2,3
5,1,2,240,1,2
17,2,4,962,1,3
10,2,5,161,2,3
2,1,3,840,2,3
17,3,5,895,2,3
5,2,5,894,1,3
15,2,4,718,2,3
7,3,4,672,2,3
15,1,3,448,2,2
4,2,2,594,1,3
16,1,3,863,2,3
16,2,2,649,2,3
3,1,5,614,2,3
1,2,4,807,1,3
11,1,5,824,1,3
14,2,2,957,2,3
20,1,3,452,2,3
15,1,3,605,1,2
12,3,4,394,2,1
8,1,4,988,2,1
10,1,3,546,1,3
10,1,5,465,1,3
7,3,3,296,2,2
11,3,2,209,1,2
5,3,5,48,1,3
19,2,3,317,1,2
15,2,4,7,1,3
14,3,4,261,2,1
18,1,2,189,2,3
19,2,5,295,1,3
16,1,5,254,1,3
3,2,3,340,1,2
2,3,3,776,2,3
8,1,2,883,2,3
4,3,2,924,2,3
3,1,5,98,1,3
6,3,5,836,1,3
16,3,5,662,2,3
11,1,3,314,2,2
6,2,4,226,2,1
4,2,3,759,2,3
7,3,5,603,1,3
8,2,2,368,1,3
9,2,5,684,2,3
2,3,4,560,2,1
14,2,5,514,2,3
5,3,2,341,1,2
20,3,4,884,2,1
2,1,2,106,1,3
8,2,5,466,1,3
10,2,4,171,2,1
6,3,4,717,2,1
6,1,4,33,1,1
13,1,4,235,1,3
18,1,3,859,2,3
9,2,3,869,2,2
10,3,5,518,1,3
20,1,5,91,1,3
13,1,2,170,2,2
11,1,2,147,2,2
9,1,2,925,1,2
9,2,3,690,1,2
15,2,2,750,2,2
20,2,5,46,2,3
17,2,5,137,1,3
10,3,5,125,2,3
19,1,4,797,2,3
5,1,5,393,2,3
7,3,2,700,1,2
17,1,2,921,2,2
14,3,3,772,1,3
12,3,5,534,2,3
11,3,2,704,2,2
17,3,2,523,1,2
3,1,3,571,2,2
1,2,3,422,2,2
3,2,4,774,2,3
17,2,3,145,2,2
7,1,5,652,1,3
1,1,3,756,1,2
1,2,5,792,1,3
9,2,4,313,1,3
19,2,2,573,1,2
13,2,4,684,1,3
14,3,3,931,2,3
15,3,4,360,1,3
20,1,4,970,2,1
7,1,5,773,1,3
17,1,5,880,1,3
16,2,5,127,2,3
14,2,5,482,1,3
20,2,2,531,1,3
17,3,4,134,2,3
13,3,5,852,2,3
19,2,4,315,1,3
16,1,2,850,2,3
16,3,4,249,1,1
7,2,3,642,1,2
17,1,5,470,2,3
16,1,5,234,2,3
9,2,2,551,2,2
11,2,4,701,2,3
13,3,2,377,2,2
18,1,4,3,2,1
18,1,2,680,2,3
13,2,5,283,1,3
16,3,3,42,2,3
12,2,4,943,2,1
15,2,5,534,2,3
9,2,4,884,1,3
8,1,5,988,2,3
1,2,2,354,1,2
10,1,5,391,1,3
2,1,2,330,1,3
5,2,5,412,1,3
19,2,3,39,2,2
7,1,2,359,2,2
12,2,2,543,2,3
19,2,3,261,2,2
19,1,5,224,2,3
7,2,2,901,2,2
18,1,2,252,2,3
20,2,5,464,2,3
16,2,5,702,1,3
6,2,5,989,1,3
5,1,3,799,1,2
20,1,5,983,2,3
11,1,2,573,2,2
13,2,5,569,2,3
16,3,5,256,1,3
3,2,3,653,1,2
9,2,3,58,1,2
16,2,4,905,2,1
17,3,2,381,1,2
13,3,2,890,2,2
20,3,5,328,1,3
17,2,5,807,2,3
14,3,5,513,1,3
19,1,2,995,2,2
15,3,5,646,2,3
13,1,2,148,2,2
5,1,4,707,2,3
9,1,2,278,1,2
6,2,3,985,1,3
12,3,3,767,2,3
3,2,5,903,1,3
7,1,5,633,2,3
12,1,4,61,2,1
2,3,3,122,2,3
9,1,5,811,2,3
14,2,4,599,2,1
3,1,4,416,2,3
19,1,4,886,2,3
10,2,4,875,2,1
2,3,2,394,2,3
3,3,4,171,1,3
9,1,3,683,2,2
13,2,2,701,1,2
14,1,4,55,1,1
10,3,4,226,1,1
19,2,5,422,1,3
17,1,5,380,1,3
1,2,5,640,2,3
13,2,3,431,2,2
20,1,4,778,1,1
13,1,5,593,1,3
1,1,2,64,2,2
17,2,4,135,2,3
17,1,2,144,2,2
4,1,5,693,1,3
2,3,2,1,1,3
11,1,2,328,2,2
16,1,4,992,2,1
14,1,2,374,2,3
8,1,4,501,2,1
20,1,5,435,2,3
4,3,5,994,2,3
10,2,4,732,1,1
4,2,3,962,1,3
2,3,2,968,2,3
18,1,2,895,2,3
1,3,4,798,2,3
9,3,3,209,2,2
13,2,4,667,2,3
20,2,2,511,2,3
7,1,2,586,1,2
19,1,2,907,1,2
10,3,5,29,2,3
17,1,5,917,2,3
8,2,4,55,1,1
20,1,3,903,2,3
3,1,2,571,1,2
15,2,2,42,1,2
15,1,4,716,2,3
5,3,3,300,1,2
7,3,3,21,2,2
18,2,4,139,2,1
18,3,4,417,1,1
9,3,5,491,1,3
3,3,3,387,2,2
2,2,4,99,2,1
7,1,4,601,1,3
9,3,2,877,2,2
19,3,3,450,1,2
16,2,3,269,1,3
15,3,3,620,1,2
4,3,5,935,2,3
11,3,4,358,2,3
18,1,4,751,1,1
6,3,5,991,2,3
18,2,3,467,1,3
5,2,5,121,1,3
10,1,4,810,1,1
8,3,3,145,1,3
13,2,3,694,1,2
17,1,2,630,1,2
8,3,5,357,2,3
11,2,2,150,1,2
15,3,3,27,2,2
19,2,3,626,2,2
17,2,3,506,2,2
10,2,3,805,2,3
20,3,4,63,1,1
2,1,2,171,2,3
20,1,4,601,2,1
13,3,5,410,1,3
2,3,5,228,2,3
18,3,5,87,1,3
7,2,2,114,1,2
20,2,3,26,1,3
17,2,3,714,1,2
4,3,4,645,2,1
12,1,3,648,1,3
16,2,3,38,1,3
11,1,5,773,1,3
3,2,4,362,2,3
7,1,3,642,1,2
14,1,5,36,2,3
6,2,4,816,1,1
4,1,3,272,2,3
15,2,3,942,2,2
20,3,4,531,2,1
19,3,2,176,2,2
5,2,5,153,2,3
1,1,3,513,2,2
13,1,2,781,2,2
9,2,4,60,2,3
10,3,4,47,2,1
18,1,3,826,1,3
17,3,2,465,1,2
13,3,2,217,2,2
10,2,5,379,2,3
4,2,3,648,1,3
3,2,4,989,2,3
8,1,3,17,1,3
18,1,3,822,2,3
9,3,2,127,2,2
20,1,2,134,1,3
15,1,5,560,1,3
13,2,3,964,1,2
2,1,2,438,2,3
7,1,3,583,1,2
3,2,2,218,1,2
18,2,2,910,1,3
16,2,2,398,1,3
19,2,2,918,1,2
3,2,5,100,2,3
13,2,3,630,2,2
8,1,3,820,2,3
10,2,5,856,2,3
4,2,2,220,2,3
20,2,5,24,2,3
6,3,3,285,1,3
16,2,3,265,1,3
4,2,3,844,1,3
2,3,2,54,2,3
17,1,5,312,2,3
3,1,4,21,1,3
16,1,5,699,2,3
1,3,5,443,1,3
20,2,4,151,2,1
15,1,3,105,2,2
19,1,4,973,1,3
11,2,3,730,2,2
4,1,5,942,2,3
16,2,5,892,2,3
10,2,3,823,1,3
9,3,5,13,2,3
9,1,4,931,2,3
15,1,5,828,1,3
18,1,4,378,1,1
5,3,3,406,1,2
15,1,3,409,2,2
19,2,2,869,1,2
13,1,5,571,2,3
12,1,5,89,2,3
1,2,2,671,2,2
1,3,5,764,2,3
16,1,4,739,1,1
12,1,5,753,2,3
1,1,3,340,1,2
13,3,3,369,2,2
1,3,4,870,1,3
15,2,2,976,1,2
5,2,2,245,2,2
19,2,2,373,1,2
16,1,3,325,2,3
5,1,2,358,2,2
13,2,2,937,2,2
1,2,5,826,1,3
4,1,2,974,2,3
2,3,3,183,1,3
12,1,4,293,1,1
15,3,3,184,1,2
14,1,4,801,2,1
5,2,3,78,1,2
4,2,2,202,1,3
11,1,4,327,1,3
2,1,5,283,2,3
6,1,2,883,2,3
14,1,3,655,2,3
9,3,4,328,2,3
18,2,5,336,2,3
9,3,3,222,2,2
11,1,2,751,1,2
5,3,4,682,2,3
11,1,2,167,2,2
13,1,2,969,2,2
3,3,5,234,2,3
6,2,2,406,2,3
5,3,5,521,2,3
14,2,2,162,1,3
7,2,5,212,2,3
6,1,3,317,2,3
19,1,4,365,2,3
13,2,4,85,1,3
17,2,5,983,1,3
8,2,4,491,1,1
16,2,4,725,1,1
7,3,5,888,1,3
6,2,4,820,1,1
6,2,3,986,1,3
4,1,3,109,1,3
18,2,5,933,2,3
18,2,5,347,2,3
11,3,2,46,1,2
4,1,3,707,1,3
5,1,5,105,1,3
7,1,2,642,2,2
10,1,3,25,1,3
5,1,3,812,2,2
4,2,4,471,2,1
20,2,4,357,2,1
10,2,4,719,2,1
4,2,2,164,2,3
13,1,2,346,2,2
13,2,5,124,2,3
7,3,4,38,2,3
20,3,2,115,1,3
10,3,4,208,1,1
17,1,5,78,1,3
17,2,4,426,2,3
19,2,2,71,2,2
16,2,3,34,1,3
14,3,2,443,1,3
15,2,5,374,1,3
20,3,4,185,1,1
8,3,3,929,1,3
5,1,3,968,2,2
15,3,2,166,1,2
8,2,4,855,1,1
18,3,2,981,1,3
10,3,3,999,1,3
1,1,2,358,2,2
9,2,5,642,2,3
7,3,3,314,2,2
15,3,2,482,1,2
18,1,2,233,1,3
13,1,2,606,2,2
14,2,3,366,2,3
11,2,5,360,2,3
5,2,3,274,2,2
6,3,3,849,2,3
20,3,3,85,2,3
4,2,5,334,2,3
14,3,3,979,1,3
5,1,4,243,2,3
8,3,5,356,1,3
9,3,4,686,1,3
13,1,3,23,1,2
10,3,3,888,2,3
12,2,2,502,2,3
8,1,5,718,1,3
6,1,3,600,1,3
4,3,3,652,2,3
15,1,2,703,2,2
7,3,4,717,1,3
5,2,3,776,1,2
13,2,5,371,2,3
14,1,4,241,2,1
17,1,4,519,1,3
7,1,5,242,1,3
16,1,2,229,2,3
1,3,4,442,2,3
5,2,3,589,1,2
19,1,5,598,2,3
19,3,2,265,1,2
20,3,2,463,1,3
6,3,4,600,1,1
10,2,4,13,1,1
4,1,5,918,2,3
19,1,4,402,1,3
17,1,2,850,2,2
17,2,4,191,1,3
2,3,4,97,1,1
19,1,2,667,2,2
17,2,2,841,2,2
19,1,5,953,2,3
19,2,4,56,1,3
19,2,3,427,1,2
3,1,2,487,2,2
7,3,4,388,1,3
15,3,3,716,2,2
9,2,5,144,1,3
15,3,4,606,2,3
1,2,2,821,1,2
7,1,4,757,1,3
18,2,4,816,2,1
8,3,2,788,2,3
7,1,3,405,1,2
12,2,2,47,2,3
9,3,3,977,2,2
12,2,5,437,1,3
1,3,4,682,2,3
5,2,4,560,1,3
8,3,5,288,2,3
7,3,3,572,1,2
12,2,3,348,1,3
9,1,4,968,1,3
8,2,2,12,2,3
13,2,2,906,2,2
3,1,2,830,2,2
11,2,2,920,1,2
19,3,2,643,1,2
19,1,2,99,2,2
15,2,5,133,1,3
12,2,4,686,2,1
10,3,2,776,1,3
1,2,2,211,2,2
16,3,2,275,1,3
6,3,2,117,1,3
10,3,2,917,1,3
3,3,2,767,1,2
4,3,5,778,2,3
13,1,2,968,1,2
15,1,3,34,1,2
12,1,3,85,2,3
14,1,2,320,2,3
20,3,3,3,2,3
5,1,2,572,1,2
9,1,2,886,1,2
17,1,3,613,1,2
18,3,5,553,2,3
18,1,2,358,2,3
16,3,5,854,1,3
14,3,5,166,1,3
12,2,4,909,1,1
10,3,2,399,2,3
12,2,3,896,1,3
6,1,4,768,2,1
16,3,4,633,1,1
7,3,3,386,1,2
12,1,2,118,1,3
11,1,2,594,1,2
1,3,2,437,2,2
14,2,5,304,2,3
16,1,2,537,2,3
14,2,4,692,2,1
7,1,3,252,2,2
1,1,5,117,1,3
5,1,5,25,2,3
14,3,3,969,2,3
8,1,5,111,2,3
19,2,5,97,1,3
11,1,5,534,1,3
7,2,5,362,1,3
3,3,5,90,1,3
17,2,4,211,1,3
11,2,5,209,2,3
12,3,2,211,1,3
14,1,4,341,1,1
9,1,2,904,2,2
1,3,2,707,2,2
14,2,3,502,2,3
4,3,3,15,2,3
12,2,5,744,2,3
10,3,4,274,1,1
5,1,3,258,2,2
2,3,2,678,2,3
15,2,2,246,1,2
5,2,2,245,1,2
2,2,4,496,2,1
13,3,2,455,2,2
11,1,2,943,1,2
10,2,5,489,1,3
10,2,3,363,2,3
20,3,2,298,1,3
19,1,2,648,2,2
13,2,5,27,2,3
20,3,5,798,1,3
9,3,3,357,2,2
5,3,3,53,1,2
15,3,2,361,2,2
12,1,4,707,2,1
2,2,2,958,1,3
1,2,2,106,1,2
18,2,2,891,1,3
5,3,2,826,2,2
5,3,2,882,1,2
13,3,4,759,2,3
17,3,2,22,2,2
6,3,3,263,1,3
10,3,5,631,2,3
16,3,3,281,1,3
16,2,4,398,1,1
11,3,2,381,2,2
1,3,4,703,2,3
1,1,3,743,2,2
16,3,2,123,1,3
1,3,4,996,2,3
2,3,5,442,2,3
10,3,2,913,1,3
7,2,4,490,1,3
5,3,3,75,2,2
6,1,4,277,1,1
4,3,4,105,1,1
8,3,3,910,2,3
2,2,4,298,1,1
10,2,2,849,2,3
15,3,3,712,2,2
14,1,4,509,1,1
5,1,4,595,1,3
13,3,5,868,2,3
15,1,2,285,2,2
7,3,4,331,2,3
10,2,5,716,2,3
11,1,4,16,1,3
8,1,2,426,1,3
19,1,3,362,2,2
11,1,3,796,1,2
10,2,2,506,2,3
8,1,4,245,2,1
10,2,2,908,1,3
4,1,3,694,2,3
17,2,3,353,1,2
15,1,5,823,1,3
4,3,4,561,1,1
4,3,2,176,2,3
20,2,5,714,1,3
7,3,5,261,1,3
2,3,3,206,1,3
11,2,5,127,1,3
1,1,2,951,2,2
20,3,5,710,2,3
7,1,3,863,2,2
14,3,4,957,1,1
16,2,4,839,2,1
19,1,4,317,1,3
4,2,4,40,1,1
5,1,2,889,2,2
1,3,2,585,1,2
13,3,2,635,2,2
7,1,5,478,2,3
13,3,4,299,2,3
10,2,4,562,1,1
11,1,5,371,2,3
9,3,3,505,2,2
11,2,4,286,2,3
14,1,3,704,2,3
17,3,5,231,1,3
14,1,2,335,2,3
1,3,4,938,2,3
18,3,5,480,1,3
13,1,5,243,1,3
16,3,2,298,2,3
6,3,5,732,2,3
13,3,5,361,1,3
14,2,4,129,1,1
2,2,3,765,1,3
4,3,3,630,1,3
4,3,2,226,2,3
20,3,2,384,2,3
15,3,3,59,1,2
6,1,4,949,1,1
18,1,2,38,2,3
1,3,3,16,2,2
8,2,5,161,2,3
10,2,2,899,1,3
15,3,4,825,1,3
3,2,3,217,2,2
15,2,3,166,2,2
12,1,4,68,2,1
16,3,2,543,2,3
19,1,4,181,1,3
15,1,2,823,2,2
6,3,2,691,1,3
9,1,2,664,1,2
13,1,4,138,2,3
17,3,5,950,1,3
17,3,3,542,1,2
12,2,3,111,1,3
12,1,5,717,1,3
16,1,4,875,2,1
19,3,2,653,1,2
18,2,5,482,2,3
3,2,2,498,2,2
10,1,4,620,2,1
19,3,2,840,1,2
16,3,4,564,1,1
9,1,3,234,2,2
5,3,5,896,1,3
20,2,4,291,2,1
4,1,4,23,2,1
3,3,4,96,1,3
10,1,5,546,2,3
18,3,2,327,1,3
5,3,2,814,1,2
7,1,2,260,1,2
7,2,4,993,1,3
15,3,3,58,2,2
11,3,2,128,1,2
1,2,5,578,2,3
5,1,2,232,2,2
5,1,2,442,1,2
20,2,2,948,1,3
5,1,4,228,1,3
1,2,5,121,2,3
8,1,3,202,1,3
18,2,5,671,1,3
18,3,2,970,1,3
18,2,3,9,1,3
10,1,3,27,2,3
11,3,2,897,2,2
4,1,2,703,2,3
18,2,4,283,2,1
4,2,3,874,2,3
14,2,2,812,2,3
9,2,5,723,1,3
5,3,2,858,2,2
20,1,5,897,1,3
7,2,5,471,2,3
10,2,4,802,1,1
8,2,3,40,2,3
5,2,5,668,2,3
2,1,4,376,1,1
10,3,5,922,2,3
20,1,2,2,2,3
10,1,3,802,1,3
14,3,4,729,2,1
19,2,3,273,2,2
13,1,4,674,1,3
12,2,3,446,1,3
19,2,4,970,1,3
8,3,4,529,1,1
15,3,5,123,2,3
18,3,5,177,1,3
19,2,4,902,1,3
10,1,4,427,1,1
16,2,2,419,1,3
5,3,2,100,1,2
20,2,5,457,1,3
8,1,4,782,2,1
11,3,4,106,1,3
1,3,4,167,2,3
13,1,4,847,1,3
10,2,5,679,2,3
6,1,4,946,1,1
1,3,3,15,2,2
20,3,4,623,1,1
4,1,2,289,1,3
5,1,5,998,1,3
10,2,2,914,1,3
6,3,2,619,1,3
9,2,3,691,1,2
4,1,4,240,1,1
18,2,4,72,2,1
1,3,4,720,1,3
8,2,3,336,1,3
1,1,5,57,1,3
20,3,3,516,2,3
10,3,3,693,1,3
6,2,3,756,2,3
8,2,4,556,1,1
10,1,4,167,1,1
15,3,3,40,1,2
13,3,2,942,1,2
5,1,4,163,1,3
17,3,3,134,1,2
12,1,3,480,2,3
6,2,3,395,1,3
12,2,4,888,1,1
13,2,2,366,1,2
7,2,4,579,1,3
10,1,2,998,2,3
13,3,2,445,1,2
10,3,3,214,1,3
5,2,2,173,2,2
2,1,5,532,1,3
5,2,5,976,2,3
5,1,4,844,1,3
7,1,5,294,1,3
11,3,3,293,1,2
2,3,2,81,1,3
15,1,3,149,1,2
15,2,3,1,2,2
14,3,2,931,2,3
13,2,4,362,1,3
1,1,5,758,1,3
1,2,5,765,2,3
20,2,5,739,1,3
11,3,5,518,2,3
10,3,3,502,1,3
9,1,4,598,1,3
10,3,2,262,2,3
7,2,4,249,2,3
17,2,4,459,1,3
6,3,2,280,2,3
3,3,5,802,2,3
19,2,2,58,2,2
10,1,2,742,2,3
9,3,5,954,2,3
1,1,4,259,1,3
16,1,4,323,2,1
16,1,2,459,1,3
4,3,4,26,1,1
13,1,4,35,1,3
20,3,4,589,1,1
12,3,3,178,1,3
6,3,2,526,1,3
19,2,4,634,2,3
12,3,5,548,2,3
4,3,4,340,1,1
4,2,5,73,1,3
20,3,2,409,1,3
20,3,4,725,1,1
16,2,4,454,1,1
20,2,2,961,1,3
6,3,4,141,2,1
11,1,2,6,2,2
14,2,4,248,2,1
14,2,4,423,2,1
13,1,3,43,2,2
12,2,2,883,1,3
19,2,2,629,1,2
8,2,5,720,2,3
8,3,3,835,2,3
12,1,2,626,2,3
7,2,3,105,1,2
19,1,3,189,1,2
4,2,4,122,1,1
