A,B,C,D,E,F,TARGET CLASS
10.96700792,2.324145415,0.567945854,3.77731948,0.780861572,0.879422091,1
7.627582849,2.007443258,0.535342352,4.12822423,0.924108929,0.621552215,0
8.656317696,2.402985247,0.921989733,4.277974917,1.526629388,0.957877023,0
14.81045282,2.773452582,0.653046306,4.128122226,1.14250354,1.522692046,1
15.35388989,1.899499115,0.627280041,3.34488041,1.232537304,1.463811751,1
10.00713369,3.046604586,1.104742672,5.105694792,1.107377119,0.510350261,0
11.3364639,2.503522705,1.074885123,1.432364989,0.996439536,1.111800321,0
9.794086213,2.176784884,0.895343276,1.219297862,0.943122744,1.22532404,0
9.318607737,2.927624584,0.78382476,1.686389939,0.742215158,1.118165161,0
9.267361181,1.030222805,0.891595882,4.704307909,1.430568318,1.542579617,1
15.41998805,2.662035493,0.618910313,3.285083929,1.037190904,1.245675868,1
12.77227494,2.829769053,0.896797615,3.145440223,1.447704295,0.564280969,0
8.195436537,2.509445435,0.998870422,1.988506978,1.011621496,0.847015278,0
11.43981543,2.637973691,0.56292118,4.52751507,1.248313546,1.541711667,1
9.615221582,1.872780041,0.696959602,4.862200414,0.851299207,1.11873719,0
12.74029163,2.08978344,0.599728913,2.326425517,0.930288221,1.217624809,1
8.587736859,2.757188263,0.997796713,3.374980288,1.228928248,0.845323955,0
10.79749911,2.451750404,1.330887213,1.679947047,1.273570387,1.113441354,0
10.60575542,2.551782454,0.924065502,3.344067918,1.269021129,0.975833245,0
9.219729777,2.788607562,0.823117528,3.060361184,1.267414188,0.74288539,0
15.03436596,3.323640659,0.922197598,4.375498947,1.41385185,0.736994289,0
7.349859938,2.677962555,1.072606228,3.995965278,0.722667112,1.021007203,0
7.939820156,1.207122358,0.884152629,2.422626332,0.832280555,0.843353363,0
15.33165555,1.850005786,0.170923628,5.287916332,0.995937643,1.393101053,1
13.31943694,2.726922095,0.647338965,1.840690807,1.340851234,0.794287473,0
6.922072657,2.638137616,1.115111683,5.659824125,1.512161342,1.253366532,0
10.27112209,1.719203512,0.834233609,4.528374052,1.187994758,1.720439947,1
10.94884197,1.871277412,0.527302957,3.347689435,0.979297085,0.985916381,1
8.133341625,2.081640906,0.655776565,2.39712534,1.119398975,0.36515661,0
16.71697469,2.387117658,0.76617037,4.805751228,1.225038347,1.380974605,1
16.46536502,2.240384961,0.470186848,4.807454925,0.977407507,1.362030113,1
9.768063472,1.193451581,0.388930609,3.133089151,0.663818766,0.812727504,1
19.26542457,1.099270909,0.606324191,3.859159769,1.120596182,1.244797083,1
12.76816122,2.730895202,1.036113886,3.635917802,1.094509476,1.6371194,1
14.68262017,2.006941368,0.498671344,2.849201929,0.986798405,1.579611703,1
5.469396588,2.108086047,1.202098043,3.683533412,1.365013924,0.914157868,0
5.152464061,2.171571216,0.766981665,3.39010386,1.298757858,0.649233596,0
11.76034889,2.886287301,0.795674985,2.575234629,0.749090894,1.491738767,1
15.49618656,1.715322908,1.022850871,2.366542769,1.26312788,1.678437067,1
4.108633602,2.1825988,0.891758924,2.823001623,0.591956808,0.903787638,0
12.61315315,1.138669779,0.554665513,2.444017522,1.183360482,1.22472062,1
8.202092627,3.213841237,0.916477176,5.493748118,0.807799284,1.09022587,0
15.26036043,1.86377391,0.773647388,2.605519993,1.086648905,1.186510219,1
9.052419658,1.718306366,0.845686848,4.360036615,0.635764049,0.659195051,0
12.51273435,2.046301143,1.400543493,4.18202622,0.600609495,0.600208221,0
11.6046456,2.015863748,0.883838232,1.788515357,0.843995086,1.024564017,0
8.002011243,2.482318055,1.177084201,3.406376331,1.0451617,0.900761875,0
12.42675737,2.607340017,0.973541894,4.277579083,1.114370537,1.749759729,1
9.743142029,2.811000452,0.94086352,3.36700401,1.219303935,1.148010884,0
13.26945386,1.367499551,0.19436574,3.74857326,1.008332744,1.320821578,1
10.51959349,2.503452569,1.073193717,4.349585637,1.050280736,0.966391922,0
18.18046916,1.801161981,0.613168731,3.337177257,1.164377067,1.220010787,1
12.8757699,2.169953368,0.5299723,2.009852646,1.016892188,1.516246584,1
15.45139851,2.286957149,0.536487209,3.349773666,0.777450133,1.486114942,1
20.07380107,1.76402626,0.583270534,3.717782236,0.805359221,1.182022114,1
12.59604843,1.911610465,1.192529966,4.817735626,0.88226369,1.138222207,0
11.90896414,2.502406407,0.37804664,2.672758545,0.929518534,0.829885115,0
13.98907565,2.483863776,1.186964799,2.191494212,0.741128828,1.111126868,1
16.84100709,2.316260411,0.579285337,3.45494007,1.247397834,1.268334624,1
7.265161182,1.230504526,0.811248442,4.398792468,0.878918339,1.509402095,1
12.81710263,1.962051407,1.060719473,2.68201923,0.476417418,0.765125035,0
4.570381141,2.350958317,1.151220688,2.847330928,1.198647059,1.365870185,0
12.56048694,1.429376781,0.767453326,4.073344694,0.76655361,1.309864196,0
7.525294649,2.60492213,1.012208093,4.643032662,1.414406004,0.733629127,0
17.05340751,2.667834143,0.837445349,2.282011704,1.051741998,1.305491681,1
9.459336984,2.273801899,0.537014735,2.52115879,1.058761911,1.205380983,1
20.66135003,2.319164654,0.71271789,2.706846326,0.715946025,0.791164891,1
9.631007387,2.150718933,1.044195771,3.272630587,0.983662939,1.302882396,0
17.31345097,1.810637631,1.158677407,2.877631041,1.196053846,1.55911715,1
14.55189342,2.255247307,0.78599557,2.505406212,1.366683528,1.040812936,0
14.38799394,2.04858902,0.744314766,1.945697203,0.844983915,1.257161363,0
10.32306747,3.045170754,0.951314104,2.113953076,0.586966764,1.230928732,0
14.71073235,1.214016983,1.166721574,2.798057466,0.527601984,1.321100544,1
10.4747853,3.084960044,0.789922079,3.611689604,0.691972498,1.240755353,0
15.14103994,2.595780008,0.764610712,3.384499344,1.206999669,1.445058489,1
11.1778555,2.792062234,0.930957935,2.288210962,1.364243272,1.126719809,0
7.008297927,2.738240491,1.202767638,4.69559188,0.9298731,0.951434095,0
13.76137107,2.553791075,1.155070193,1.275561842,1.019406694,1.243157234,1
19.36717422,1.8843126,0.695335138,2.949121375,0.969437428,1.378616658,1
17.03409692,2.201718548,0.417773238,2.871983162,0.899885018,1.423998993,1
18.34297797,2.433763854,0.980014334,2.499778479,1.03031178,0.967004263,0
17.0709578,3.428655089,0.860616517,3.304190156,1.104097935,0.969811521,1
13.30061671,1.993556459,0.300176448,2.734958478,1.261084769,1.061584299,1
16.26718952,1.920098901,0.730911876,2.547762273,1.116693844,1.376641089,1
9.672851224,2.131036778,0.977776849,0.778729573,1.05847107,1.053451418,0
9.153270101,3.000733805,1.162252637,2.9409644,1.215805447,0.768383871,0
11.38829131,2.617493001,0.294111954,5.350130035,0.998529411,1.284325337,1
13.70658729,1.356935659,1.027893919,3.958820362,1.059119578,1.598003848,1
19.7151924,1.710890032,1.014816928,4.04544366,1.026617175,1.372614846,1
14.02311167,1.656195418,0.403957444,4.150309006,1.070150014,1.150951337,1
10.5493187,1.520984159,0.932920089,1.688777007,1.026693871,1.470578699,1
16.13938918,2.123812605,0.398990206,2.148156258,0.902597757,1.183358201,1
9.460057823,2.292041027,1.417753957,4.476232961,1.090957819,1.106330723,0
18.52669981,1.59500536,0.575250081,2.367970177,0.891867921,1.14935069,1
14.0425579,2.058754582,0.725163641,1.426538341,1.314908744,1.13517243,1
11.88343159,1.864579279,1.102461368,3.899661809,0.856446693,1.885690085,1
9.799616045,1.894670615,0.998901886,3.614891593,0.742578252,1.537893272,1
13.73096186,2.352386059,1.047787356,3.814378963,0.515338467,0.65548574,0
3.678773965,2.644165108,1.312386721,2.891224773,1.191551752,1.110882513,0
9.037418149,2.164496952,1.263566933,1.329010305,0.959967331,0.941614468,0
7.412682006,2.896261664,1.168955382,4.052460201,0.891862,0.975782698,0
11.97180177,2.409977877,0.746264012,2.07242797,1.17829509,1.274305071,0
14.81547273,3.186658654,0.528662501,2.749386642,1.101374586,1.090155678,1
7.398392678,1.75245191,0.541400225,3.707582041,1.273354718,1.426861301,0
10.90860305,2.427355769,0.524567133,4.380691699,0.480230682,1.55619801,1
17.90777266,1.418407786,0.884831359,3.461803852,0.59932143,1.383028652,1
4.522756109,2.473113093,0.710967293,2.108479508,0.93353643,0.902854853,0
9.147307083,1.779832415,1.405941216,4.263946242,0.87152109,1.446743405,0
12.35815655,1.517773452,0.49257299,2.658914766,1.196469024,1.380659688,1
4.462784134,2.211266122,1.114063943,3.878433064,1.252126909,1.36725663,0
4.942384324,2.089517051,1.207781497,2.603160429,1.179729406,1.286970234,0
11.09182983,2.236110293,0.669971533,4.664742525,0.539062922,1.540727285,1
13.15845625,1.669989889,0.720812456,2.312324801,0.915005276,1.437578385,1
8.719922468,1.458932793,1.546473722,2.603528331,1.066825283,0.780276808,0
14.66913633,1.802898325,0.441643418,4.582622021,1.419459527,1.387332712,1
13.94646667,2.460326066,0.619359061,1.884286979,0.71443958,1.223523304,1
13.95707132,2.879461739,0.606151924,2.417137811,1.209398855,0.985507357,0
15.91838846,2.067213291,0.853712382,3.631189911,1.109336924,1.637066879,1
15.78470855,2.030424544,0.406342702,3.683077637,0.933978474,1.28593671,1
12.93523157,2.484049484,0.780888653,0.840177798,1.063971402,1.14072056,0
11.59659639,1.631493673,0.731296301,3.383287488,0.997690194,1.507088322,1
14.3789726,1.443425388,0.543957294,2.95031288,0.967102886,1.493708437,1
14.4719801,1.756722999,0.733990827,1.618708985,0.634641327,1.09197539,1
10.30230091,1.715178733,0.573649206,2.218869779,0.843773765,1.393166223,1
6.118711199,2.17669467,0.732188329,3.423587304,1.163159067,0.406916393,0
14.94750761,0.914825903,0.499391668,4.802497878,0.788065659,1.124056302,1
12.39147313,1.512069039,0.347393619,5.834231953,1.207992965,1.4768544,1
5.78590425,2.082627348,1.195233551,3.504300723,1.027409984,0.811592911,0
10.21960039,1.954721721,0.534230959,1.839104254,0.717507573,1.14061224,1
7.49431394,3.00084556,0.879256322,3.927957869,1.002679744,1.247637001,0
15.2456552,2.501840406,0.697916005,3.691869789,1.104545741,0.707269355,1
7.668634665,2.689117785,0.822383944,1.942498538,0.844471392,1.207247071,0
6.494691755,2.724384143,0.826255056,3.523303325,0.880286627,0.72667146,0
9.145755245,1.753667281,0.999770304,2.852482483,1.081108291,1.136702214,1
14.2449185,1.799454624,0.532411069,3.659324085,1.168334785,1.51215205,1
13.68254749,2.150454921,0.595478045,1.143851198,0.798769926,1.124048271,1
15.52727158,1.951425492,0.780049046,2.779860034,1.084862525,1.464468304,1
9.540711047,2.103487742,0.499875869,3.408298246,1.198923733,1.654249262,1
8.044838997,2.618322322,1.303105472,1.285739908,1.101793599,0.850762049,0
9.580709702,2.566969843,1.156634372,2.435939872,1.153559106,1.263856741,0
3.946554061,2.403377453,1.022824272,3.250636533,0.787519872,1.232285444,0
16.29930871,2.366296681,0.299169475,3.730425513,1.182017245,1.164304599,1
10.55877266,2.022501204,0.584393744,4.890910577,0.942204049,1.104052318,1
15.27623131,1.69654055,0.959682066,4.424263959,0.991635156,1.163311546,1
18.12688369,2.568048419,0.700037146,3.415065706,1.104672807,1.203487998,1
7.934151996,2.732356278,1.023132308,2.369351321,0.850401283,0.951050157,0
11.51999808,2.40625906,1.398069561,5.455388069,1.419032272,1.268263379,0
6.346173779,2.604604826,0.993831135,4.663966819,1.423142472,0.904555218,0
12.21747242,2.171908838,0.439098706,3.348411859,1.241520276,1.557236608,1
14.62889189,2.072713839,0.899504489,2.397371584,1.230633239,0.776556834,0
9.459280621,1.599802607,0.439829101,2.976433571,0.838063892,1.511933956,1
11.07337511,2.563160047,1.275056603,3.647367993,0.953564985,1.070601965,0
14.82672878,2.237165881,0.808971157,4.086137874,1.163344746,1.559346016,1
16.50100522,2.501219964,0.476912043,3.053605155,0.992064378,1.021473254,1
8.185191205,2.414260175,0.886570962,3.007668111,1.430235322,0.808514138,0
6.755184221,1.988705969,0.770924667,4.018229019,0.9946068,1.235742524,0
13.64483512,1.848929044,0.656447481,2.572431755,1.232726267,1.022498731,0
8.009670836,2.708784149,0.928201563,4.828717095,0.681136457,1.37858694,0
5.797902182,1.558844336,1.489384191,5.81618244,1.140023255,0.651440285,0
7.900610053,1.907787296,0.761228748,3.3505096,1.160076958,0.819612254,0
7.108228626,2.523104816,1.061937027,4.784169888,1.63169299,0.806633468,0
8.916754199,2.745406394,1.307773694,5.062372585,1.471865442,1.36820852,0
12.47224585,2.225413067,0.899802938,2.160037084,0.971785772,0.997082154,0
13.33853157,1.703225527,0.939979114,4.321899302,0.874455473,1.097462055,1
9.803324796,1.980948175,1.316061476,1.85038946,1.077600147,0.76637852,0
11.32766485,3.133685717,1.031248208,3.830174056,0.681734593,1.377817553,0
13.38782945,1.361962741,0.535067852,3.247631065,1.287974195,1.498700323,1
10.39002538,2.448354094,0.739545899,3.076181789,0.777560341,0.843615563,1
13.96693188,2.440631811,0.53445079,2.072670055,0.662363907,1.180739182,1
10.20174792,1.673823363,0.318543404,2.353738935,1.085465365,1.090327477,1
9.386148921,2.051314203,0.833795532,3.466589896,0.925366488,1.311664336,1
11.37913804,1.850344356,0.822462276,2.542284895,0.755658675,1.265612297,1
7.134816567,2.650495529,0.870550665,3.971955467,1.437814614,0.962824844,0
9.82637811,2.87944448,0.639280572,4.005627191,0.979037223,0.769110826,0
13.08165733,2.344128312,0.684827829,3.438913054,0.68551646,1.534558189,1
16.19473088,1.504631716,0.602381293,2.892665093,0.65043237,1.318216952,1
16.40380289,2.101048052,0.597178981,2.51992661,0.891411548,1.423548172,1
13.68075951,2.130218456,0.835999853,3.715907865,1.343715351,1.343373251,1
15.0764965,1.599822879,0.728150708,2.047986839,0.981248523,1.415073084,1
6.992447615,1.886327999,0.992530681,3.591144534,0.817450649,0.763711515,0
12.46812453,1.866220373,0.776967426,3.337565977,1.082514669,1.454956357,1
9.725946914,2.398409859,0.73342504,2.331581628,0.99595858,0.815069452,0
12.3872413,1.411994845,0.513270144,4.047521826,1.569298986,1.256043488,1
17.08720638,1.437926219,0.456671744,3.869942616,0.782458712,1.114554299,1
13.13464225,1.928223003,0.941037577,2.308448559,0.623568963,1.502449741,1
6.605552471,2.693170811,0.624108033,2.368983249,1.094790254,0.925912485,0
9.523728897,2.204551905,0.707085583,3.87464058,1.107645632,1.062633384,0
7.893383995,2.331918441,1.412463747,5.518206917,1.308127764,1.20192468,0
14.85058681,2.852031689,0.752565914,3.701371467,1.096812928,1.472949831,1
9.868975837,2.241630136,1.36603137,3.899012783,1.123654093,0.996340644,0
11.19613301,2.871742678,0.787403833,3.772250343,1.158672069,0.754261474,0
9.381284601,1.964911092,0.821960227,2.536985604,0.826634753,0.834877224,0
6.816632716,2.286245117,0.442546904,4.927907531,1.253559479,0.895111803,0
10.81057429,2.677480769,1.025652988,5.378181054,1.398217438,1.451383505,1
9.369621311,2.924282091,0.933097114,4.312336761,1.336904788,0.941610899,0
10.35642738,1.618706951,0.402430006,5.252752007,1.128694321,1.654772732,1
11.79389554,2.079639432,0.754386276,1.226988793,1.021031409,0.68877821,0
14.21485256,2.53628674,1.287153366,3.522164375,1.474660579,1.249006838,0
13.86190858,2.373962602,1.06206966,1.512561213,1.092342002,1.275304798,0
6.226925417,2.413268169,1.032243457,2.561313764,1.102771425,0.939567021,0
12.49233883,2.428391733,0.537699258,3.377301789,1.245143314,1.233596748,1
12.41350507,2.525451511,0.86217269,0.860898844,0.751307873,1.244223783,1
20.00845476,1.829995868,0.558551278,2.730559122,0.885830171,1.078484585,1
8.924716748,2.153569023,1.195511902,3.61890822,1.516751911,0.884203121,0
12.2748244,2.597852431,1.419741757,4.971504852,1.149144357,1.768134227,1
8.389041256,2.704978863,0.565275013,4.81533361,1.042242296,0.801595033,0
6.661740557,3.003774476,1.020842698,3.564487012,0.902253353,1.477501656,0
7.117636786,2.651201926,1.082679124,4.118381936,0.945636304,0.661568411,0
8.122803325,2.328370773,1.247168146,2.86748961,1.096740721,0.722335217,0
13.65733583,1.600917759,0.504176498,5.043795097,0.86251908,1.651917666,1
6.636927718,2.126062461,1.015361991,4.666264522,1.339527603,0.569360913,0
8.846410447,1.540924305,0.656175526,4.051389149,1.138429213,1.203576922,1
15.9632817,1.90291387,0.567536746,4.387947214,0.977498013,1.744034191,1
11.19049923,3.483268053,0.883544326,4.949142375,1.218043863,1.154687341,0
13.48094101,2.991556874,0.740030189,3.90105204,1.04400268,1.617471839,1
9.207301838,1.595193454,0.475138662,5.076674719,0.534320015,1.307657486,1
7.387032485,2.852772675,1.265191265,3.45324582,1.412590551,0.890057393,0
10.46826968,2.820435972,0.99766352,4.981470346,1.200213897,1.165427449,0
4.417542268,2.776745763,1.443594319,4.361923693,1.188442528,1.095248597,0
8.604802801,1.542083893,1.378330158,3.783949836,1.064195595,0.63216628,0
9.806890393,2.706996795,0.414965621,3.653606821,0.927422032,1.251112687,0
9.456600255,1.418188362,0.512655449,4.554753196,1.207635255,1.014996099,1
11.20814519,1.992053041,0.653397388,2.363781936,0.917850102,0.890936925,0
7.189049864,2.889404101,0.984779185,4.091660604,0.93196917,1.762923675,1
7.293498213,2.876530311,1.084815399,4.740455984,1.096666555,1.226406051,0
7.140400644,2.070775717,0.969772664,3.753404466,0.6322169,1.078494154,0
9.811947235,2.005557387,1.193719577,0.949179596,0.925955327,0.776747054,0
9.005127628,2.449899646,0.436665052,3.356944392,0.849718508,1.593298306,1
10.74397567,3.16354793,0.964591082,4.161636963,0.700492919,0.76847603,0
13.02910836,1.856959228,1.478407629,3.325967553,0.771961772,1.51491617,0
11.69367171,2.125899538,0.754152125,2.721027542,0.790041779,1.511148655,1
8.606194979,2.896224213,1.033205214,2.864541846,1.083740022,0.836378439,0
7.142420104,2.93718949,1.075667777,2.256929375,0.711552055,1.10671624,0
8.31740947,2.153975239,0.844212736,3.387124202,1.172073694,1.026966205,0
10.96516065,1.917867657,0.67907922,2.547620407,0.754529835,1.359248937,1
11.36275683,2.870165259,0.606310962,2.226138758,0.903231828,1.302674936,1
6.979908712,2.118635078,0.906429457,8.174420227,1.169260389,0.842951308,0
8.63912808,2.594991355,0.652491434,4.098721874,1.068467907,0.515960949,0
9.179679864,1.438931484,0.408415826,4.428969788,0.697332861,1.101195553,1
11.13717858,2.142965092,0.305886118,2.715119534,1.110825816,1.14151898,1
14.39864446,2.807083709,0.693416476,3.079038042,1.048247853,0.804214674,0
2.884875175,2.289510468,0.84013096,3.63519435,0.823346527,0.532245782,0
13.1346179,2.179175135,1.068881992,4.241191914,0.440928004,1.565864454,1
8.270167827,2.285835584,0.899498208,3.031402033,1.092050348,0.908614354,0
9.489071682,2.36195431,0.651250121,3.136000272,1.339797438,1.513455394,1
8.081616475,2.34094249,1.158997142,4.709891766,1.253611982,0.87257662,0
16.14884505,2.472952818,0.640699052,4.613430653,1.319267653,1.614910573,1
11.50525101,2.229532464,0.454185317,2.412354601,1.131630956,1.279720562,1
7.981948635,1.807897262,0.436143754,5.061681191,0.69990905,1.363361563,1
12.32280369,2.746109185,0.540438253,5.049382361,1.076234789,0.647151332,0
10.97769337,2.894978264,1.429216664,3.064540518,1.436900786,0.855436557,0
19.01387744,1.175975175,0.963131185,3.151028529,1.234844605,1.043516225,1
8.945091071,1.665635572,0.606680269,3.766855572,0.703377729,1.315447897,1
19.8060301,1.924584441,0.907847896,3.477126732,1.162608783,1.498511607,1
10.65603454,1.441379739,0.840632076,4.438524659,0.705082924,1.062541808,1
14.88818981,1.190038179,0.932581853,3.574087995,1.158850947,1.367937122,1
16.64388906,1.003714268,0.684182518,3.796043061,1.071901875,1.33324517,1
13.6514105,2.205106792,1.231864515,1.782301709,1.153222868,0.798638372,0
17.09566628,1.446696812,0.275855735,3.36354306,0.839275083,1.121799765,1
5.039856888,2.433729032,0.710075449,5.121155213,1.07110768,1.016934223,1
9.386760901,2.835891405,0.723029765,3.200175364,1.181419863,0.982635092,0
10.76191222,2.653838221,0.801577721,1.49941741,0.96653179,0.908618941,0
13.3343905,2.377902048,0.432681041,3.118887647,1.015169076,1.258287865,1
2.180804896,2.13369292,1.192334157,4.9035015,1.287828366,0.725646836,0
17.22569612,2.509529383,0.787006939,1.702000103,1.103821771,1.160579404,0
10.23912056,2.984934096,0.958836292,4.798688765,1.135949984,0.795779643,0
10.51119343,3.029750316,0.888046513,1.883258855,0.71282073,0.907804218,0
13.57654177,1.371753749,0.895616313,1.201955447,1.15794689,1.483785128,1
9.060681444,3.489736451,0.885633586,4.729350631,1.221387933,1.141306405,0
13.01036413,2.693917317,0.745399663,2.281554621,1.365415163,1.270874513,1
12.16356624,2.583112556,0.734136042,2.630805261,0.819597455,1.488524582,1
12.43994496,2.314973561,0.815545856,2.508906693,0.533620498,1.107301743,0
15.46375431,1.386045423,0.567745136,2.874437181,1.015742691,1.265241317,1
13.14006431,2.48184917,0.266846971,3.907304185,1.094981147,1.436137065,1
11.80710239,1.735384131,0.77425231,3.694159471,0.56673659,1.480315479,1
7.236256705,1.686670347,0.334000581,3.286720978,0.724852295,1.391787408,1
11.54147035,3.374525953,0.847242294,2.593866254,1.327618172,1.163282663,0
12.01262828,2.683936336,1.166112866,4.292552808,1.280394225,0.863159759,0
10.51752273,3.099916285,1.125148826,2.395479201,0.537983433,0.926069651,0
14.87746574,2.119417305,1.574275919,2.814406803,1.188306612,0.832337874,0
11.81395283,2.551961148,0.976963544,2.189145451,0.957831489,0.638979378,0
10.51884868,1.806140142,1.226460665,4.730722224,1.50004287,1.023473417,0
4.68971232,2.317502075,0.660887232,3.675014861,1.173909205,1.289725235,0
12.53158579,1.744758635,0.615459388,1.956421647,0.620851095,1.112312686,1
6.642521098,2.484907406,1.012327887,4.098427958,0.982917608,1.273853028,0
11.98159952,2.859315109,0.493028162,3.622335292,1.364936551,1.387408959,1
16.40795445,2.441099641,1.21447854,3.44366012,1.264627326,1.14391939,0
7.442391729,2.646537424,0.863397386,2.385283136,1.105846182,0.703236689,0
11.8760902,3.223057782,0.963637882,4.321143843,1.115568141,1.305535842,0
10.34209608,2.786685325,1.07896849,5.182548685,1.113843964,0.908510338,0
8.388448477,2.00963409,0.805363862,2.999474203,1.010237311,0.742420453,0
14.21117909,1.736017171,0.661219443,4.062200762,0.704067626,1.521302772,1
7.895780322,2.654302408,1.028074587,5.381957273,0.86680212,1.114040428,0
14.25287452,2.397382824,1.010794861,3.68405572,0.902976299,0.725890085,0
9.832219987,1.435986406,0.683160486,1.771185423,1.086183108,1.240531672,1
10.84609165,2.764866835,0.96677684,1.589746947,0.923629138,1.48430329,1
15.43543088,1.162567549,0.37532643,3.102103627,1.039461948,1.315885642,1
9.944141016,3.059606975,1.017778464,4.228207559,1.176363195,0.923589573,0
9.926986419,2.351404769,0.779695673,2.414260049,1.229812387,1.253190798,0
14.51680323,2.336754571,1.085086993,3.545633508,0.358484975,1.34856018,1
8.201484953,2.132608081,1.141555782,1.482928983,1.273336456,0.788312199,0
9.367563289,2.010481419,0.234100313,3.258478876,1.120816387,1.383606451,1
7.576642482,1.989216943,0.96274512,3.387037293,0.968135306,0.399886065,0
12.15852026,1.601597985,0.927633077,2.160570159,1.066331383,1.656435049,1
7.029988222,2.750241248,0.896460127,4.902019303,1.205248338,0.634644085,0
3.846707691,1.625452736,1.288412314,3.871236683,0.96453883,0.889651088,0
14.75295775,2.009247267,0.634122934,4.053242018,0.315307008,1.218280731,1
14.08558696,1.870665784,1.012681697,2.972122173,1.084138658,1.416338985,1
11.80409815,2.257727749,0.66403226,4.536824555,0.523139536,1.542409955,1
14.43770135,2.080309923,0.980246552,2.161707157,1.255219019,1.001738271,1
11.32591922,1.507637655,1.086758801,4.835999772,0.785031146,1.66891927,1
10.51528935,3.188085875,0.948879699,2.409573154,1.063731204,1.189998263,0
14.41668203,2.556312922,0.472781295,5.095162232,0.973974741,1.156621374,1
16.45947173,2.079003285,1.462042389,5.213403186,1.371859199,0.781923137,0
11.4219002,3.152851295,0.982427834,3.966952734,1.235142424,1.346683943,0
17.18308011,1.891486303,1.1551501,3.540569766,1.04981865,1.648739791,1
10.19606877,2.802261044,1.350506808,1.713483426,0.768791851,1.132650623,0
14.62253787,2.020336103,0.647548553,2.070829954,1.609249562,0.885484045,0
10.4719351,1.369774108,0.452359602,2.160622226,1.001234828,1.290140984,1
12.69918857,2.197445609,0.385765866,3.737228639,1.037906987,1.355311293,1
10.27315517,2.943112147,1.076365592,2.101441914,1.155169239,0.787624492,0
11.74361699,2.99718151,1.002232874,5.316448665,1.133278263,0.652166619,0
15.78229247,1.412161445,0.643202916,3.158856789,0.943129158,1.339331625,1
9.951755335,1.790797138,0.819221692,2.06704389,1.503671433,1.216555642,1
13.3639776,1.374780297,0.399549303,2.627414492,1.26565337,1.157571226,1
15.22143808,1.073537508,0.515830978,3.106450648,1.209801338,1.364932394,1
16.82495957,1.498480676,1.20737247,2.859079442,1.036604577,1.490987369,1
8.86696419,2.020586304,0.997993758,2.462706973,0.624382409,0.536342754,0
12.46219097,1.799318532,0.620306265,3.17830805,1.254463476,1.465982303,1
13.28935502,3.020120951,0.628174448,3.630075339,0.942750339,1.386405035,0
13.31789368,2.239142449,0.762775551,4.019187656,1.031692562,1.640768007,1
14.22945842,2.874607571,0.906460076,5.028476468,1.608789835,1.055447073,0
15.8068727,1.396414727,0.488807552,3.844773742,1.368625751,1.188795564,1
13.47727331,2.130584667,0.892692812,3.336174614,0.786229591,1.477517187,1
9.809273777,2.142202284,0.280009323,2.764416289,0.839493114,1.068219234,1
16.73647037,1.296589139,0.719073936,2.110898859,0.912355032,1.324721942,1
6.937529358,2.069488459,0.906406738,2.130849164,0.837292578,0.859444731,0
15.77453951,1.780978936,0.656509091,2.066157416,1.027974591,1.547139128,1
15.73794613,2.055675929,0.439512446,4.073701594,0.683708956,1.414034978,1
9.472208924,2.762623875,0.712110556,2.538968919,0.589372814,1.12348384,0
10.91982298,2.63485446,0.787548382,2.056386122,0.920338684,0.934157699,0
10.12764642,2.955089765,0.488986339,4.361100812,1.00916899,1.589155362,1
8.558411864,1.460411746,0.626683195,3.294721444,0.824807871,1.424362451,1
9.311070195,2.468639077,0.950030062,1.664950918,1.088326778,0.61577354,0
11.80742314,2.075561372,0.956756977,2.736510116,1.177266025,1.720513476,1
5.439494579,2.457803784,1.137094673,2.427472249,1.116499013,1.134774872,0
10.90142735,2.231676956,0.548813079,3.779846515,0.86551809,1.629905466,1
6.268079142,2.836307648,1.089427213,5.344788854,1.297470341,1.472664646,0
10.64996412,2.249626787,0.470808673,5.091099971,0.855994992,1.291934393,1
10.64853842,2.435145295,0.574483712,3.373329224,1.367986153,1.535430964,1
8.223815994,3.005699561,0.928356447,3.600913108,0.837304547,1.31050359,0
17.2418408,1.386354321,0.399391522,5.045084187,0.992479114,1.480929755,1
10.23388185,2.394936355,1.103922245,1.055563035,0.821353789,0.674131203,0
15.55186872,2.257721959,0.592816175,3.224553867,1.241267826,0.877604136,1
10.47237831,2.855272912,0.626886758,4.26785709,0.685463018,1.241011512,0
11.62519646,2.274437188,0.687038217,2.14734872,0.995496709,0.941854362,1
12.53524778,2.440168795,0.632885267,1.944672085,1.008878914,1.278602429,0
7.935601321,3.244127109,1.402596544,5.110424849,1.114531603,0.93040449,0
12.17076451,1.469424858,0.541740069,3.445531314,0.725520161,1.054236928,1
14.2239654,1.866923854,0.679243067,5.927943428,0.930771149,1.466097637,1
13.00864874,2.225581703,0.869658793,0.894957154,0.895624933,1.193972009,0
5.229066054,2.258558395,1.575248407,4.598496094,1.387815674,0.880534955,0
7.056225522,2.937817652,1.252405748,4.765300863,0.531599634,1.0389736,0
18.36054872,1.501413029,0.731406794,2.875833865,0.831557743,1.270483529,1
7.330288962,1.87761171,0.605172625,3.218392991,0.830335148,1.50769143,1
7.870677492,2.479934297,0.814970186,2.458654327,1.018743115,0.903197549,0
12.99766894,1.719848046,0.230481002,3.535434559,0.833036681,0.875128259,1
14.27775993,2.325108337,0.937351113,3.535112,1.190572405,1.138580294,1
9.191402846,3.01004584,1.257502048,2.119058683,0.991200855,0.892592595,0
9.711167259,2.942086281,1.093647225,3.248084244,1.648875092,0.768773029,0
6.218290154,3.189497373,0.984405946,3.653353487,0.854373149,0.742380346,0
8.006531799,2.310000599,1.130390059,1.868543006,1.258407637,0.994267857,0
13.10051897,2.672091939,0.988381499,3.039332916,1.211660243,1.420586532,1
12.07234567,2.09197997,0.51448573,3.425258181,0.919509279,1.05810374,1
15.50832804,2.442258313,0.739874009,3.290975504,1.104465991,1.575189085,1
10.5405343,1.849953435,0.605397631,4.108234843,0.82802975,1.482707858,1
5.698194058,3.043768841,0.921267576,3.265709773,0.892237932,1.064169874,0
10.65045703,2.026372627,0.420138494,3.827295478,0.820657599,1.506143797,1
12.30734343,2.643012508,0.611665246,3.651694846,1.287988098,1.047721109,1
12.31172105,2.408347544,0.740409558,7.376371118,1.152378696,1.441201663,1
16.597249,1.627871146,0.651227933,2.924113918,0.989114739,1.371609629,1
15.9829761,2.814212358,0.828474444,3.971662526,1.02620057,1.054246951,0
14.27183198,2.610199453,0.931560259,4.49861963,0.989814347,1.606971249,1
10.21543588,2.005235506,1.341959373,2.120955093,0.995954685,0.657807436,0
8.287555518,3.41123742,0.950785285,5.135827985,0.811074973,0.970241687,0
8.448781424,2.659716676,1.056981261,5.602827961,1.023784396,1.135451287,0
14.53223041,1.755401234,0.637732128,4.340058446,1.101368058,1.14275372,1
7.675582956,2.24674522,0.752876433,3.795790522,1.347210311,1.536767109,1
7.154357301,2.335835295,1.208200107,4.749212934,0.896305324,1.090107491,0
10.55295431,3.176204953,0.580465403,3.603962012,1.296033494,0.741405315,0
14.548334,1.58042533,0.927201681,1.818909369,1.219597856,1.460944439,1
13.00432217,2.486099541,0.633809814,1.439752343,1.045813152,1.305082362,1
7.96671046,2.843426443,0.753402774,4.927021359,0.861180951,0.685898956,0
14.44261801,1.711268311,0.601810606,2.508876804,1.243531626,1.403333919,1
13.06382746,2.063792109,0.676373608,2.04212938,1.019482364,1.507139878,1
9.650131229,2.965111974,0.736128208,3.027405952,0.786727325,0.91154236,0
10.94558229,2.81391102,0.641508453,0.941389298,1.087356137,1.004382771,0
12.65460111,2.84998717,1.405765651,2.839555843,0.831190067,0.621462579,0
16.41959504,2.246194977,0.628429041,1.64456295,0.975094551,0.922682658,1
7.059898628,2.498376224,1.169406573,2.45087088,1.228718499,0.75078641,0
12.73087596,1.314644434,0.423866743,3.434319087,0.829246751,1.385333173,1
13.0496398,2.253060839,0.931057558,2.152444934,1.438062974,0.878860508,0
8.1491959,2.083942956,1.311486216,4.239537729,0.970686982,0.829084419,0
8.912989378,3.191492075,1.294351337,4.065699251,1.115135071,1.038326485,0
6.127264215,2.490865712,1.409943766,4.685748485,0.680576142,0.566119896,0
8.846120313,2.331044395,1.074726901,2.486758351,1.03928792,0.386299818,0
16.78966175,2.663958451,0.897213336,2.70976308,1.575394966,1.06345281,1
9.09740609,2.780259475,1.132167324,3.032480286,1.463705894,0.934749015,0
14.39366404,2.442725338,0.528131348,2.836310991,1.257349482,1.486506045,1
16.76341194,1.708877193,0.811558061,2.729868886,1.027337047,1.267071786,1
14.88151275,2.264459944,0.52980203,1.032091748,1.198003262,1.08034059,1
11.33613426,2.608746947,0.927769406,3.29984682,0.972685089,1.104137414,0
12.99290453,1.274584045,0.439652075,3.494147247,0.974393185,1.0847131,1
10.93028885,1.531538925,0.903193023,3.608368337,0.871210307,1.529437068,1
5.575253743,2.081911854,0.68009022,3.74510198,1.389912438,0.72018705,0
9.032834019,2.752487635,0.806942332,2.804312489,1.345461771,0.667682807,0
6.642811284,2.259586758,0.672969692,3.960107733,1.030022228,1.241759228,0
6.827126086,2.545087062,1.09805304,1.616746526,1.101960985,1.376693898,0
5.333935982,2.057471649,0.946887951,3.039224168,0.986946945,0.958186913,0
11.09509753,1.612670045,1.105219097,1.198546345,1.18554942,1.318666835,0
9.040581665,2.494648428,0.640952463,3.23577415,0.934963838,1.652595118,0
11.6991161,1.222528799,1.049596702,3.197257381,1.287379527,0.981242192,0
17.42268462,1.550625391,0.756472652,2.870210848,1.072704809,1.389359319,1
10.3473186,2.612989594,0.728323453,4.566233379,0.541189517,1.213851298,0
14.08684605,2.920634151,0.841281206,3.742381899,0.783900553,0.880846671,0
14.4865712,1.900814425,0.747157903,2.232295894,0.936226713,1.44996573,1
16.78833612,2.29291902,0.801883139,3.309627186,1.040426409,1.299499732,1
8.279135726,3.383243298,1.308392543,5.794704715,1.158688266,1.207592659,0
8.475854091,2.658312758,0.850487534,4.537646446,0.97660001,1.150765897,0
13.52140825,1.268024297,0.289240277,3.077489987,0.804124741,1.298017432,1
11.40356206,2.739392266,0.690492678,4.376016433,0.992445597,0.770988377,0
14.01024722,2.403480077,0.934630265,2.502739696,0.666167327,1.546953776,1
12.21372089,2.394630867,0.895855961,0.544928617,1.079507104,1.056466434,1
11.35391496,1.596625384,1.028785519,4.332439939,1.502724666,0.949048089,0
13.83634251,2.541796556,1.037804964,1.102154363,0.864420363,0.763176443,0
14.48222786,2.640990037,0.600284033,3.452063631,0.932336847,0.761527043,1
8.984775389,1.846750978,1.163310938,3.558496331,1.558002671,0.619460983,0
5.35710633,2.390597148,1.024133251,3.359250453,1.042053071,1.015976888,0
13.45485688,2.537500813,0.58621732,2.572140659,1.19814435,1.08803011,1
14.96318917,1.902437841,0.97084434,4.957253502,1.337472193,1.727780538,1
8.908287352,2.236778707,0.920342595,3.107881416,1.465672233,0.861557365,0
10.27418006,1.908395109,1.003691683,3.522877181,1.370083452,0.900570067,0
12.56616675,2.011600463,0.867575165,1.902601344,0.64586326,1.348012032,1
8.983767377,1.72367728,1.069544618,3.371886914,1.097649884,1.723315128,1
6.357646516,2.084666509,1.004083356,5.393117833,1.042788236,0.721030693,0
7.82692245,1.405957148,1.112361413,3.840459278,1.225491028,0.712952992,0
14.67370619,2.073621736,0.522728611,6.010305519,0.614220934,1.326945984,1
15.91840307,3.084452993,0.647910802,3.992179014,0.902529113,1.43007649,1
10.71696414,3.278992766,0.840787835,5.967617234,1.097584517,0.752201208,0
5.276872079,2.456648762,1.05115633,4.00309915,1.076679436,0.884984652,0
15.68073703,2.619665986,1.005964225,2.069309761,1.220524943,1.609109831,0
9.517285746,1.647763443,0.87379727,1.338581595,1.092699994,1.427568297,0
8.51044263,2.172194145,1.073100952,2.682580591,0.827341837,1.32166055,0
17.21992304,1.648696274,1.066649795,3.882603638,0.622502357,1.507413441,1
10.40946697,1.674579808,0.849896052,7.012664726,0.789160022,0.619381064,0
7.824256497,2.350841936,0.966905468,2.376315331,1.092790922,0.657222749,0
12.01164786,1.877021268,0.419386368,4.246651112,0.923805169,1.504378817,1
15.84604334,2.144863825,0.519208837,2.556360371,1.086155058,1.467772752,1
12.77793481,2.681148384,1.014971124,3.439514336,0.630527881,1.51172246,1
10.34768503,1.863341484,0.554190103,3.018286688,0.907642614,1.365055619,1
12.45057581,2.417930579,0.979298166,3.06142653,0.571551074,1.448012817,1
13.41727363,1.80687647,0.779043334,2.41676174,1.32755246,1.52165869,1
10.23231364,2.655433132,0.65910202,1.493787404,1.06152858,0.891521071,0
9.639220941,2.45989529,0.888984167,4.053893276,0.870626897,1.061802437,0
5.791230563,3.201291423,0.708165413,3.552614528,0.998811397,0.710549468,0
11.08801072,2.045083148,0.608624754,3.317757707,1.319356011,1.29144164,1
13.59802095,2.182657556,0.880890576,3.0740878,0.573103264,1.447458289,1
10.98796039,1.933538143,0.449077189,2.977686561,0.932468094,1.031367019,1
9.024058012,1.447033411,0.860181031,3.217343037,0.868598461,1.345839954,1
10.04739735,2.780538345,1.301583539,1.367232515,1.211419062,0.848634927,0
11.23075608,2.060053988,0.684608998,3.695261067,0.942654072,1.38384225,0
19.28214457,2.150482321,0.666510469,2.214583341,1.167247772,1.143273857,1
8.581813971,1.572635337,0.854448926,4.075574214,0.77941913,1.486704873,1
15.48131798,2.007152102,0.336600313,3.533041766,0.97641499,1.359577311,1
11.63118569,2.766415737,0.840925162,1.198428752,1.0688714,0.984631493,0
7.227394819,1.934076175,1.168547825,2.209049484,1.503730685,1.136939334,0
6.783520266,1.922792224,1.363139139,3.993648133,1.330068793,0.922673075,0
18.78349755,1.944195664,0.693998048,4.188709606,0.840634207,1.367130774,1
14.15791765,1.136023921,0.492621206,2.778181312,1.082205854,1.224295341,1
5.809075011,2.013255679,0.635395417,2.540367981,0.634196502,1.164590311,1
9.55674873,2.639509057,1.467576711,3.392968945,1.055697224,1.139286399,0
9.344020077,2.453085811,0.581754382,4.599176349,0.610162658,1.634254071,1
13.95575126,2.575355148,1.090640846,2.315823325,1.175021375,0.773483989,0
19.51752668,1.632902431,0.655584813,2.584622442,0.949504873,1.246738576,1
13.81042475,1.728290629,1.449159605,5.346726487,1.471059249,1.067322361,0
8.093519717,2.404571427,0.850935207,3.057224887,0.497593107,1.141554559,0
5.739264899,2.660572882,1.173510256,2.279809529,1.116745993,1.412247166,0
9.062174242,2.07468236,0.586168487,3.110479877,1.047058165,0.850820346,0
13.22406493,2.726454247,1.003333771,3.378686255,0.977514923,1.544055722,1
11.35756485,1.973125847,0.467718614,2.944164323,1.372331134,1.544778258,1
10.59728568,3.124329679,1.049122096,4.224453632,1.307825249,0.865436066,0
5.058958862,2.00212531,0.846041815,3.603219233,0.606573587,1.297622594,1
16.25858411,1.992399901,0.539153356,2.296449786,0.828228975,1.312583646,1
12.52160398,2.41309797,1.545631852,4.86630541,1.400792194,0.815268281,0
10.57886308,1.869909575,1.174533214,3.994030034,1.200711843,1.376012541,0
8.647422539,2.01240725,0.797868902,2.092839119,0.905672604,1.255577974,1
15.59105367,2.350383236,1.324555578,1.490377396,0.719436719,1.038116049,0
10.47227282,3.063467844,0.851289218,4.222329765,1.489324422,1.227270633,0
14.05994414,2.714854727,0.652919096,4.600715676,1.185954291,1.499565332,1
8.920966808,2.693074133,1.008115225,2.66732998,1.443403932,0.910782646,0
6.849093573,1.597951277,0.699135956,4.792390948,1.073367784,1.085585627,1
8.557415583,2.43329362,0.699047826,4.169269123,0.830046194,1.057334055,0
15.55809677,2.041002347,0.639235114,4.488746869,1.226423623,1.588674975,1
11.30092095,2.396774286,1.163461702,1.765084329,0.902976693,1.356223952,1
16.07434806,1.531839814,0.772047451,3.583052657,1.247499118,0.977055622,1
7.259892856,2.844723333,1.034376085,2.861790928,0.574033071,0.67933012,0
16.70159184,2.409198643,0.660969953,3.072678954,1.161945623,1.615398176,1
12.93775322,2.69777134,1.128545758,5.647956148,1.022017016,1.239192811,0
9.65970353,2.881550904,1.120603654,3.572343075,1.15178008,0.85161628,0
9.049726996,2.914788168,1.044069838,1.752479657,0.892147363,0.826887971,0
12.18436428,2.39284802,0.627521826,3.545840585,1.132813735,1.565532428,1
8.751539535,2.404021147,0.459429045,5.92073713,1.080770313,1.214516473,1
8.080763795,3.100431334,1.086372598,2.905752265,0.994521393,1.160238993,0
8.955818341,2.46939566,0.281829514,3.528194885,0.851271028,0.987960273,1
3.469309203,2.224371191,1.146478161,4.85003227,1.237756425,1.00894178,0
16.73333386,1.993632736,0.547516554,3.043017515,1.187478285,1.108025463,1
6.320011916,2.128930643,1.097183344,4.949519087,1.172938855,0.929466309,0
7.775148594,0.889996496,1.174248597,3.966811703,0.922942199,1.340338662,0
18.63822984,2.686016616,0.665138536,2.989914623,0.870931247,1.440630681,1
7.369968877,2.224228626,0.33758354,5.329771858,0.91945728,1.247871869,1
4.282638701,2.555986698,1.190839797,4.529701359,1.180171854,1.139099924,0
8.475612364,3.042355238,1.130807439,2.017193175,0.896745642,1.038504813,0
8.887872775,2.248616833,1.144785403,1.560103162,1.4884577,0.894604373,0
6.907666825,2.708056082,0.326305539,5.310034932,1.241976768,1.090548056,1
7.445285498,2.515760357,1.176592513,2.596901202,0.960560716,1.294005563,0
11.35072833,2.856423021,1.248245277,5.184795051,0.891944547,1.28993389,0
9.980434946,2.504490824,0.939129672,3.981543126,0.67752318,1.749291172,1
5.636836019,1.984378428,1.042115555,2.990234435,1.193279792,1.082678303,0
9.086559775,1.879231769,0.553819683,4.242024447,0.923245754,1.660308889,1
9.236189916,3.667513105,0.879088901,4.001807794,1.291342236,1.041026931,0
9.807928941,1.601067099,0.246518998,4.040032499,0.964451625,1.50970337,1
16.65655041,1.687054775,1.029789801,1.665513823,0.813110342,1.251088962,1
3.045624826,2.556883807,0.63922571,5.062450813,1.143083205,0.669920179,0
11.54180326,1.714433489,0.572748651,3.768614515,0.927296596,1.332309358,1
7.504217267,2.015202579,0.928349693,4.076006828,1.132295239,1.4340436,0
11.94995731,2.232354337,0.612640754,2.944562473,1.046875117,1.126334177,1
16.68986555,2.164947148,0.765115048,1.979944184,0.81818238,1.300944294,1
13.24185898,2.342459723,0.941689511,3.595096316,0.710388792,1.595588635,1
11.57411967,1.959898808,0.746940714,3.501816824,0.995056206,1.827586099,1
11.88345628,2.243108082,0.719270948,2.128827022,0.826173838,1.628832753,1
11.31977436,2.33311295,0.988064331,0.997504293,0.762754298,0.72628657,0
9.364424443,2.250378038,0.933751742,1.426227451,0.988347464,1.303286145,1
10.10703027,1.949670349,0.544270106,2.675999667,0.982886531,1.108652125,1
7.791008437,2.507832921,1.021502351,4.63018884,1.422091947,0.953052071,0
12.39976609,2.018815063,0.765124797,1.749826954,0.902834077,1.655493508,1
9.235923987,2.540876141,1.153297618,3.562299202,0.849984055,0.960987024,0
8.096774751,2.442111652,1.14310993,1.155857812,1.159442333,1.027433665,0
15.0148577,1.449357351,0.661735021,2.623290572,0.763153069,0.949824534,1
13.50733652,2.681255683,0.765846254,2.431723305,1.521747056,0.780667861,0
9.230150013,3.225611494,1.365650792,3.193949917,1.180638825,0.934178681,0
7.80836846,3.010990761,0.832279607,3.287678664,1.571046535,1.194884983,0
11.8774812,2.167472328,1.254095117,2.773380778,0.972252845,1.049480686,0
11.05413473,2.806131968,0.646671323,3.639686759,1.100499885,0.956810741,0
16.486706,1.432605277,1.554618939,4.18151147,0.600778485,0.938214651,1
9.373765112,2.219162976,1.538868963,2.698186777,0.934954274,0.841118909,0
15.20062206,2.668409168,0.572905363,5.160291409,1.145045031,1.090804379,0
11.40763068,1.960833524,0.570242795,4.82626108,0.621909108,1.420365637,1
5.935772643,1.915675992,0.838553549,3.629736215,1.10836595,0.845659141,0
16.21705855,1.931413781,0.85999507,2.398466165,0.814554862,1.304959661,1
11.63569886,2.829339174,1.393735045,5.038730227,1.195295526,0.832868956,0
16.25893175,1.477797133,0.529187773,2.363813006,0.812784024,0.922475073,1
12.35524422,3.079492286,1.477776053,3.934107911,0.883607419,1.072494642,0
13.14305264,1.826227897,0.598940398,3.219018296,1.042780424,1.297475193,1
9.567054992,2.254390008,1.319858752,2.870011273,1.235747721,0.608584941,0
11.45653355,2.513489355,1.068292719,2.015960559,1.182514935,0.967373071,0
9.858286391,2.210577292,0.496532223,3.327945974,1.121678317,0.934606436,0
4.539631542,1.982548078,1.115114316,4.495457349,1.266896399,1.16823904,0
4.954847128,1.959540783,0.615426873,4.142515303,0.656148149,1.068935792,0
8.201464948,3.015277126,1.200405201,3.469639637,1.234889543,0.975377683,0
8.816188645,3.128487871,1.149477562,3.289681028,1.295808022,1.14981274,0
12.54416039,1.699014757,0.338222896,2.623033739,0.921862298,1.196861336,1
7.628090107,2.510788307,0.671065565,2.751402162,0.859878312,1.293246269,0
13.93156047,3.078120417,0.776136681,3.371642301,1.191783346,0.974204534,0
7.314036305,2.789406103,0.460526288,4.178528171,0.914663349,0.864959944,0
11.46314645,1.454505535,0.659411328,2.797082909,1.288851451,1.170478163,1
7.037839876,2.57036288,1.103657628,4.429270496,1.237876577,1.440141635,0
11.53027235,3.145415306,0.914698919,2.803704985,0.728078979,1.083147633,0
17.21198114,2.384344926,0.370503124,4.727365626,1.122010399,1.002253465,1
15.21299132,2.284220616,1.330895342,3.431264676,1.264383352,1.382931869,1
13.24126788,2.533287153,0.483426593,3.774577276,0.896516083,1.548604726,1
6.205862535,2.44831546,0.885679566,3.814362507,0.7157895,0.783852493,0
5.403974382,2.454974018,1.20942618,3.133812034,0.749116223,1.263504015,0
14.39852153,2.666777277,0.8324818,4.663626141,1.499038196,1.417286014,0
11.87537065,1.813118579,0.567226804,3.496331622,0.97338254,0.987986254,1
17.90188008,0.933465484,0.987116363,3.918616658,0.996358926,1.101229698,1
14.46711249,1.66841497,0.746587013,1.373368902,0.82217676,1.317346544,1
12.26006497,1.974435137,0.628905929,4.083185185,1.136551851,1.804361654,1
9.52242059,2.489857979,0.985557415,1.644141386,1.336642287,1.096772266,0
11.45778092,1.871408178,0.567524841,1.71213105,1.257106293,0.956964418,0
14.17218025,2.186655019,0.781421195,1.710463505,0.695627285,1.407264055,1
8.562394456,2.818302928,0.950040583,3.089740444,1.522996726,0.860578099,0
15.20364491,2.025912532,0.581248151,2.599930053,1.054393684,1.387752743,1
5.24376035,1.85078238,0.979659825,2.817400106,1.432388735,1.462116247,0
10.55091323,1.565806944,0.429591866,7.649582751,0.944851771,1.131307896,1
17.71921836,2.092193006,0.579647752,4.873831083,1.197938474,1.54026374,1
12.25028497,2.131707562,0.6995412,3.472253429,1.378077345,1.343327179,1
17.9272008,2.684903922,0.459651171,5.088232281,0.993384697,1.399198642,1
16.22194034,2.463851197,1.43303929,2.351027102,1.230346079,0.937735596,0
15.72681104,2.025109091,0.930619581,2.405711581,0.799664936,1.48156442,1
13.20148118,2.265023572,0.428305017,2.962566238,1.246745851,1.202792025,1
13.812709,2.447544136,0.487177272,3.808353346,1.38465705,1.357352814,1
13.19258046,3.067609092,1.028191557,2.25363079,0.672100164,1.24028221,0
6.738637346,2.299981623,0.908914886,6.210022019,0.717938347,0.607370575,0
13.36631958,1.764363759,0.5133712,1.895738934,1.253673713,1.171458108,1
12.24484954,2.628057911,0.867770082,3.659811701,0.551478105,0.649830623,0
16.44422518,2.973136961,0.716905525,4.202033277,0.894726989,0.932491033,0
9.986107348,1.815611241,0.426506534,3.075232522,1.240934144,1.183134386,0
5.3155903,2.05331702,0.405441417,4.76631971,0.807088469,1.305903907,1
9.388491759,2.883196976,0.742655612,3.464574181,1.097382101,1.41267256,0
11.92405587,2.883796497,0.6781954,3.195064128,0.735366608,0.862747878,0
14.01989938,1.871913836,0.440774696,3.728797925,1.253083518,1.661304206,1
7.952266481,2.612064593,1.245627648,4.440087985,1.257273159,1.20624244,0
10.42121017,3.607048216,0.736081179,4.168105873,1.041391782,0.896180051,0
7.787423648,1.845933301,0.51067565,5.393278985,1.309481919,0.960812136,0
17.3566591,1.468843757,0.758566101,1.956682933,1.157676469,0.940922902,0
11.05880972,2.081781031,0.45597744,2.583625585,0.980306561,1.123514425,1
13.85096219,1.572301301,0.460345499,3.477390459,1.322753434,1.302730912,1
11.19070726,2.346382831,1.009185072,2.633233812,1.334918022,0.711168135,0
7.424852582,2.368019926,1.234025849,3.066311812,1.204987399,1.162785977,0
12.02071858,1.888969439,0.228332879,4.834161834,1.031152608,1.232854202,1
6.410547114,1.939598087,1.270426189,3.594467771,0.992122947,0.612539965,0
17.48671202,1.387908412,0.955601557,3.633975593,0.465043172,1.458579508,1
8.948905506,2.465589695,0.870459429,3.743471775,1.163695684,1.601527661,1
17.44918902,2.349591642,0.619225075,1.519496255,1.099343077,1.157917396,1
6.327554729,2.379329464,1.072878284,4.645557828,1.650049589,0.874493529,0
13.52355837,2.130360936,0.94665398,1.210775339,1.41991382,1.380548486,1
9.481701003,2.864812909,1.071755931,3.100234013,1.248543951,0.599081555,0
8.149500307,2.913393197,0.725949464,4.423163408,0.861456432,1.187241349,0
12.04466285,1.861977789,0.547232386,3.278474141,1.065434731,0.892000371,1
12.32978218,1.672142535,0.64446845,4.304993508,0.475123503,1.222543935,1
12.39271443,2.354753218,0.939372474,2.910053409,1.143069114,0.789340316,0
9.257106995,2.643469147,1.13720879,2.308701448,1.40170922,0.855214347,0
7.9185646,1.977525493,0.734354163,1.736928663,1.02363775,0.873976218,0
16.07048612,1.061647925,0.606028081,3.937787814,1.3058162,1.075863296,1
11.03916616,2.763653264,1.282629241,3.659361783,1.191564928,0.711854454,0
7.772759671,2.896860698,1.022864335,3.886954562,1.184758189,0.816783419,0
9.159150801,2.295313554,1.676862259,4.202448164,0.656683673,0.945884674,0
10.69421416,2.629826051,0.872533286,2.017351418,1.336386516,0.836029402,0
12.17310296,2.74905667,1.002905191,2.749741468,1.641202432,0.918674741,0
12.77711206,1.88362703,1.250690617,4.257570462,1.099297527,0.876336784,0
12.76917536,1.153498368,0.431665333,3.314776839,0.929977483,1.220302943,1
7.023373996,2.671507804,0.829884038,2.316038659,1.118985685,1.081763963,0
14.03712843,1.96950565,1.007443829,3.519800164,1.30508798,1.670989497,1
6.876972137,2.757312204,0.786182374,1.859396232,1.059752327,0.905766451,0
5.449870093,1.989093547,0.727699531,3.949668457,1.101199617,0.942506714,0
15.51587069,2.241816304,0.713134867,2.362754891,0.976126321,1.598502149,1
9.087464942,2.724738139,0.733933938,4.138387213,1.395298127,1.170338695,0
13.06211906,1.647385199,0.777234075,3.553270842,0.631633505,1.223932826,1
9.293895209,2.883846012,0.708609073,4.351746965,1.044954953,1.175352914,0
12.62838226,2.754816283,1.527469266,3.606059334,0.555411734,0.671747346,0
13.60903112,2.516910123,0.452828222,2.503758595,1.286240877,1.275928238,1
6.24322958,2.238052664,1.200241202,3.428011626,0.915124026,1.289448235,0
4.610731083,2.875740153,0.869478401,3.697736824,0.862980362,0.968620023,0
12.85073232,2.446965643,0.489309005,3.964383952,1.291182648,1.01390775,1
11.00784148,2.485629322,1.340198834,1.425192317,0.879552448,0.757538033,0
18.65212625,2.316187892,0.877750751,2.276949646,0.895352961,1.38422419,1
7.469156936,2.339765452,0.898096765,4.701917509,0.726624463,0.948578715,0
12.43616507,2.722104358,0.632742228,2.560735518,0.971988937,1.459543799,1
7.951785629,2.250697558,0.772811394,3.180944781,0.957398095,0.768098249,0
14.82500097,1.993749502,0.734989527,2.004505367,0.889371265,1.372774696,1
14.56418158,2.005871528,0.450822003,4.600901037,0.80272991,1.249505797,1
8.527078215,1.451256414,0.974171952,3.742564083,1.299262364,1.154713681,0
7.828107102,2.74996185,1.345231531,2.729056872,1.109659157,0.841512668,0
16.03854399,1.948387776,0.748344732,3.011891467,0.90755843,1.167486411,1
15.48033096,1.850650209,0.375466868,3.712011324,1.211005455,1.451538428,1
7.72814658,2.206632147,0.591319348,4.278159526,0.738627071,1.360369402,0
18.1435869,2.118331089,0.268541345,3.642867856,1.007831293,0.986719219,1
7.966926627,2.712172334,0.884280026,2.845823158,1.080950299,0.970731053,0
16.07587166,2.992865612,0.722120661,3.203354647,0.985685978,1.542269795,1
13.05120976,2.196148563,0.416641054,4.804202055,0.972084795,1.202963072,1
12.35511754,2.886935167,0.541348966,4.47772566,0.794713532,1.569411637,1
8.916150544,1.852975734,1.487607066,3.408148051,1.029347127,0.707511451,0
14.47064745,1.533225123,0.693737833,4.940817167,0.696181985,1.707199341,1
16.802805,2.202616702,0.681746463,4.375497516,1.232451583,1.584306195,1
15.69048294,0.930684721,0.614387821,2.780391944,0.780682765,1.267124512,1
9.552533697,2.310643201,0.83562049,1.820988253,1.300096612,0.941545973,0
8.379589971,1.688033724,1.256685582,1.441922667,1.160365361,0.875119666,0
10.22065945,2.519141147,0.610774988,3.169942658,1.000731404,1.53632475,1
12.83017231,2.090883089,0.428513324,3.481478385,0.74403111,1.2893659,1
13.54864746,2.262336044,0.810869622,1.735635566,0.785945316,1.353667207,1
8.575721626,2.614754252,0.681197249,2.841221527,1.320678812,1.430929947,1
13.03066196,2.500326577,0.736452097,1.666650648,0.684686731,0.973030711,0
13.01442215,1.586444564,0.647609193,5.295455831,0.928763265,1.689942681,1
9.394793074,2.147464112,0.864004631,4.761118047,0.430105177,1.334031237,1
7.446596991,2.380594205,1.292879386,2.556984659,1.123849059,1.005577622,0
7.498119069,2.38862013,0.93726818,3.633444217,0.728728087,0.840679339,0
9.72115809,2.953056619,1.279080773,2.022209888,0.966408726,0.781611799,0
7.208564518,3.123216465,0.902320622,3.664715192,0.743060494,0.749539872,0
7.66342656,2.0135885,0.802694327,4.583455204,1.182170342,1.587911636,1
10.23092463,2.637787521,0.35531583,2.639125505,1.195987956,1.337166362,1
8.585011325,1.558195261,0.533714663,4.181118755,1.106169722,1.443842884,1
10.52212777,1.603948994,0.633080331,3.162937497,0.681508228,1.590123883,1
14.74160318,1.564224403,0.541586373,2.826837192,0.730194586,1.429211225,1
9.44014377,1.723584073,0.574928812,2.449059869,1.145230285,1.229730181,1
8.964565295,1.339847207,0.857997498,4.412927897,0.671986365,0.726088315,0
12.81843972,1.841506669,0.807551421,1.503442134,0.89918393,1.209315449,1
10.4457123,2.061519307,0.98420805,2.425692999,1.259243653,0.94707123,0
7.812186836,1.879675509,0.986463567,5.462762012,0.980915197,0.979833535,0
9.190183881,2.22235254,0.2956223,4.406280574,0.955510693,1.47296247,1
13.12901643,2.347250113,0.566693854,3.684166049,1.155704344,1.527732776,1
7.251109604,3.504677813,0.772199597,4.283533693,0.963090667,1.129567122,0
8.069721443,3.223898753,1.161901169,3.429002935,0.880158794,0.766984568,0
13.3085264,2.616070701,1.722724755,3.644315311,1.239349272,0.917354207,0
17.44685975,1.4346549,0.898183807,3.83747069,0.898000997,1.655315467,1
11.32719279,2.962533823,1.212829889,3.112676556,1.128932078,0.88346242,0
18.57461092,1.618847584,0.568955544,7.049054616,0.949119887,1.448845683,1
14.52962418,1.957477056,0.557320214,2.382923372,1.385566459,1.223536537,1
12.79124464,1.452478514,0.339269494,2.04373465,0.950003925,1.153106823,1
8.416478827,2.590496443,0.860713409,3.327784194,1.488087855,1.232287767,0
8.766432555,2.357020186,1.234237857,4.122823669,1.098300656,1.126056235,0
8.562061446,2.449298467,0.965844566,2.467354043,1.220912512,0.7647784,0
9.860947344,2.783432347,1.335107165,4.116394237,0.934919291,0.515626893,0
10.52645213,1.421389313,0.72993399,3.326411765,1.051270102,1.468691528,1
15.63159156,2.59130449,0.97294848,2.899782112,0.783396285,1.481062332,1
9.575394805,2.560045746,1.06413149,3.513472621,1.372089222,0.960813164,0
12.38909111,2.78672928,0.755257417,2.616441035,0.954771876,1.357831358,1
9.097771531,2.893767221,0.788158285,2.350975913,0.784899947,0.759381258,0
6.793301869,2.004165878,1.19269145,3.277495553,1.035237907,1.380969635,0
13.26358803,2.901769238,0.378793562,5.358836082,1.072502201,1.414754558,1
14.31363777,1.688421941,1.042853663,4.221853388,1.557902988,1.695970553,1
12.4957579,2.152175107,0.315768144,4.282266328,0.944052618,1.324904721,1
7.590642457,2.687753171,0.824672675,2.527890936,1.319306867,0.640736743,0
7.641014425,2.448527054,0.845205455,2.319061138,0.75259752,1.413033802,1
10.74877962,2.643494247,0.930916894,2.018291406,1.157659204,0.849276888,0
7.281396234,1.931948984,0.663409123,4.449427985,1.31392979,1.363393848,0
10.78874747,2.438083521,0.567440559,3.179334752,1.014716659,1.430538015,1
5.627280621,2.491127436,1.149202728,3.154999986,1.20890678,0.609720661,0
8.34960331,1.611055415,0.477710001,3.676490149,1.202460935,1.230672425,1
12.8566743,1.562099663,0.347706012,5.28676257,0.746946893,1.253251376,1
12.72119431,2.21052935,0.823603379,3.210552451,1.210065785,0.572808452,0
9.429914819,2.417258183,1.587804167,2.671528794,0.9326899,0.77797213,0
18.53923393,2.060783759,0.89783668,2.87055578,1.236917968,1.187598031,1
13.02384161,2.337582082,0.876055199,2.146470183,1.29576515,0.506617411,0
15.60711646,1.815287914,0.635218101,3.850772745,1.549126128,0.9737494,0
9.243043195,2.33374899,0.807481677,3.747242326,1.272472846,0.722027471,0
11.22755692,2.878739731,0.937152319,3.52815945,0.990909875,0.848357067,0
9.912260528,1.703816654,0.327569488,3.132399027,1.017203503,1.459822096,1
16.19589,2.440667205,0.705862125,4.071787133,0.669917057,1.431992846,1
10.09237232,1.649244182,0.733053723,4.258838915,0.706872808,1.709312864,1
9.564667078,2.634134049,1.124705213,3.839512167,1.178228591,0.641411496,0
15.802807,2.2972987,1.043306073,4.509596514,0.944360275,1.034355069,1
18.6241758,2.332726795,0.939278981,4.109863204,1.348221236,0.972427914,0
10.77650676,2.105570728,1.608669784,2.664987045,1.136147353,1.523775084,0
11.62945693,2.011712672,0.650402678,1.67774321,0.901051197,1.393456809,1
8.602149365,1.45867025,0.989830983,5.67713841,1.176317933,1.221285242,1
15.16508818,1.936720169,0.703918102,4.916272745,1.147205346,1.495924238,1
13.28499141,1.984742915,0.804277273,3.848365328,1.146525128,1.511328164,1
10.32274701,2.216105724,0.949081024,2.249503043,0.877583742,1.195859122,1
5.567356564,2.156485719,1.047335061,2.399048084,1.002492959,1.283851816,0
13.19023595,3.084492923,1.270016656,3.537196624,1.139127346,0.947704607,0
9.694048371,1.205678681,0.796583301,3.079402298,0.712638714,1.42452132,1
13.13272806,1.311605672,0.383213284,2.451713663,0.644157658,0.888625353,1
12.78190132,3.056586711,1.286188956,3.464496577,0.74434487,1.142597643,0
11.4126843,2.124552334,1.190403894,4.790180847,1.56055104,1.539221381,1
18.49459975,2.116350693,0.691923634,3.692040353,1.028895126,0.953470931,1
11.43939006,2.29634408,0.849652653,0.225133332,1.095893213,1.078568171,0
7.879578005,2.577281773,1.01240572,1.24744481,1.200569244,1.125679259,0
18.51736974,1.992805707,1.465016604,3.577566408,0.767172899,1.089273208,0
10.76934868,2.833206322,0.971997695,3.207205614,0.76073538,0.641436505,0
13.94433267,2.989290758,0.802538406,3.217752625,0.94650598,1.321123446,1
15.04519777,1.974160132,0.7847205,3.546512439,1.024286404,0.743732502,0
8.559038661,1.340555189,0.945375281,5.491966859,0.68949963,1.350704369,1
7.354197981,2.116632219,1.383505618,2.909273111,1.184771052,1.034941592,0
11.53660377,1.939453433,1.099681062,3.406719715,1.525327909,1.251913328,1
13.70634898,2.188172602,0.591011048,2.75675134,0.925726632,1.165684947,1
10.31847272,2.544336634,1.282344707,4.789309211,1.049947566,1.236643027,0
10.78180802,2.038588583,1.159064525,1.880133171,0.912964784,1.198124249,0
9.051168483,0.882796201,0.616208594,3.146410986,1.081939742,1.174510002,1
14.25414284,2.571649288,0.450408576,3.035547923,1.183965676,1.346367732,1
12.12637215,2.452515401,0.735889189,5.066609101,0.83703542,1.566916707,1
12.30571209,2.56973373,1.001242587,2.045499952,1.614740565,0.882405357,0
14.36044034,1.628048585,0.85310275,2.052038623,0.84918447,1.588043461,1
15.06688345,3.210016076,1.125853478,1.615556965,0.917590191,0.998779224,0
15.76881577,2.333752023,0.472253801,4.278654126,1.130796415,1.464692845,1
16.7200658,2.860556269,0.629788791,3.634432666,1.051237109,0.960214099,1
9.590543974,2.584070728,0.736293263,3.871999651,1.169184685,1.220241083,0
5.137954081,2.883241117,0.909982031,4.667275103,1.060751767,0.925716879,0
14.12098351,1.294431268,0.362926088,3.960935969,0.743881512,1.000606661,1
9.816761767,2.933197495,0.89761339,6.395818843,1.060348255,0.94589149,0
13.23301138,2.180680634,0.440821986,2.973937754,1.042384511,1.408811136,1
14.07348215,2.393627114,0.770120658,3.579466414,1.439158349,1.522326393,1
12.1879222,1.828995349,0.846524634,1.993557694,1.249390397,1.119156731,1
14.56060655,1.730225608,0.505205614,4.058724342,0.651609923,1.446032644,1
8.689067443,1.89611121,0.585212261,3.355342768,0.95139992,1.418996444,1
11.8692323,1.971780681,1.237940642,3.740945944,0.995764728,0.938123374,0
13.58447258,1.894083728,0.518282204,3.804344555,0.908840995,1.579268232,1
10.50417704,1.495744412,0.666584287,2.222341622,0.904280175,1.653057484,1
12.97871667,2.174046973,0.703263273,2.171702936,1.207434125,1.165414753,1
14.3046216,1.675723119,0.366351853,1.897043515,0.961594939,1.291234776,1
14.31327181,2.099680013,0.481625839,3.689219046,0.727001037,1.557048282,1
13.60146478,2.454344602,0.649189597,2.908418549,0.775784629,1.236729531,1
17.81458247,2.369921669,0.754506186,3.166744818,1.180356251,1.634536047,1
8.148212875,1.56544448,0.771131131,5.458285834,1.557582591,0.991404081,0
6.38753376,2.24769239,1.474370403,3.565373218,0.751618457,1.382544895,0
12.86733029,2.24991095,0.505839472,4.864632754,0.976160705,1.217981362,1
9.732551145,2.961495739,1.100853376,5.24268356,0.986843848,1.157204488,0
10.7367576,2.667618616,0.711836771,2.886234334,0.668264456,1.34843433,1
8.086723,2.954148205,1.010705904,3.76651113,0.991659509,0.63103503,0
15.17332502,1.802689364,0.476093312,3.184075869,1.240611589,1.02408559,1
15.34991399,2.410394426,0.563994652,4.591082206,0.66304958,1.511161561,1
13.57227454,1.963267047,0.503370375,4.330818363,1.170585823,1.228434152,1
13.57993987,2.763214701,0.955549291,5.106618961,0.408889389,1.193111221,0
10.3363973,2.194515515,0.951993476,3.134027226,1.248771842,1.274910301,0
14.11977661,1.563678861,0.71823531,4.286899927,0.592548062,1.626031699,1
17.60899913,1.190092303,0.619720718,3.653051824,0.714202016,1.519599904,1
16.04649373,2.374716242,1.024287644,2.116850345,1.270451634,1.308694785,0
8.67671105,2.63320044,0.498938668,3.923563591,0.709165214,1.483774809,1
13.4115128,2.566217286,1.323566581,1.919854877,1.107528586,1.194251663,0
15.89297986,0.934419503,0.664006032,3.900541839,0.739920888,1.186958609,1
13.66895227,2.224235827,0.776757584,3.182466858,0.786202304,1.542006306,1
14.70118904,2.74586722,0.68627777,2.646309626,0.815994976,1.197085726,1
15.54498279,2.39855246,0.37966458,3.861603941,0.890871388,1.446283979,1
13.44659912,2.351023699,0.782166888,2.7452476,0.630255496,1.502307368,1
13.06375228,1.425202508,0.394056599,4.161745358,1.238352171,1.589586426,1
8.744257668,1.404190834,1.429069487,5.573053824,1.364361107,0.937981844,0
12.21003922,2.361001838,0.913400322,2.085800304,1.039950737,1.27228918,1
15.9391448,1.900222128,0.638869537,4.820422225,1.347700051,1.371136235,1
7.443761451,3.051688007,0.99999844,4.822893507,0.806426853,1.533512236,0
10.36912073,1.42062788,0.679512198,3.495042484,0.976308094,1.452171465,1
12.19700273,2.347177581,0.623019373,3.656516355,0.993710698,1.532940623,1
16.13300357,1.885507876,1.125350674,4.850083485,1.303444876,0.863395446,0
9.074879045,2.783598125,1.572074523,3.036135898,0.999077491,1.275216246,0
10.38801545,2.26495373,0.93483176,4.20795707,0.976622846,1.285798206,0
14.57006517,2.62447987,0.925951312,2.242589426,0.994856412,0.990535071,0
13.1129486,1.820576416,0.415142676,3.120858264,0.715992996,1.373918837,1
15.0935901,2.279786482,0.646187605,5.71972183,1.210329613,1.115620581,1
14.42709525,1.096816344,0.641491521,5.356857544,0.458650525,0.921342529,1
12.98147335,1.594766583,0.753365474,2.710499286,1.221322052,1.522087025,1
12.54599124,2.523522464,1.058854111,1.217933455,1.17880322,0.708902226,0
7.725295995,2.940139486,0.656250919,4.485252004,1.258633482,1.353252754,0
9.618434041,2.318623106,1.06422677,3.233296176,0.899451963,0.926991453,0
11.1304863,1.955748055,0.525437109,4.184011975,0.720547342,1.407586395,1
11.08154748,2.715917747,1.343796056,3.874218996,1.446280626,1.104467327,0
6.698397659,3.095337334,0.682952154,4.896536106,1.083765264,0.809327465,0
7.284219194,2.098924207,0.582840722,3.60342218,1.040055712,0.570674805,0
11.34739574,2.19866109,1.173251546,2.982873641,1.463587776,0.90992512,0
10.67391652,2.115125898,0.551845112,2.09245263,0.698350015,1.015253346,1
11.93005971,2.479683406,0.910932905,5.620354486,0.520526379,1.030516439,0
8.202829874,2.178110132,1.067980602,1.374848635,1.36375957,0.675900645,0
8.908293715,2.898844653,0.872453896,1.854844445,1.274986293,0.921469007,0
16.02405349,1.494827168,0.743112249,6.273110082,0.839226167,1.761104916,1
9.428904115,1.699657369,0.506031047,4.244886654,0.944663512,1.466255483,1
9.719811226,1.717857382,1.136357205,5.051640678,0.994706453,1.819304674,1
10.97067816,2.157003334,1.145602988,4.458839991,1.20293986,0.592353924,0
10.96318414,1.35345239,0.953047146,4.780715404,0.857373402,1.552891654,1
7.441855682,2.162274539,1.029776414,2.445594595,0.602563083,0.865779223,0
10.71462901,2.802294231,0.937498925,5.542800034,1.10137221,0.851598334,0
6.659139854,2.888456028,0.553957692,4.994354023,0.832653726,1.06716256,0
8.416580937,2.387617888,0.986108454,2.053504296,1.05674035,0.832675111,0
14.7847062,2.419373872,0.794222956,3.229406564,1.607037522,1.403855895,1
15.82777335,1.550197834,0.884807399,2.756903054,0.940146491,1.335650903,1
9.367868781,2.871081157,1.087193802,5.243283375,1.030678468,0.565060026,0
13.41936758,2.250865412,0.476935292,1.817884638,0.990245982,1.294505551,1
13.79001409,3.148550344,0.768500807,3.102641841,1.030549688,0.858149545,0
9.595649585,1.854288637,1.282578091,2.091299429,1.287805967,0.888288504,0
14.76238469,1.967002737,0.706559476,4.286614796,1.104094013,1.439552474,1
10.43183893,3.293104944,1.307116924,3.662271376,0.982793021,0.580875132,0
18.70392065,2.031401305,0.636935494,1.954287778,0.832346418,0.832913463,1
9.517480716,2.615816812,1.353066944,3.216521816,1.036411035,0.812708775,0
9.190743433,2.373202698,1.187815305,3.294129479,0.979626101,0.889595397,0
7.83363642,2.86677105,0.938614618,3.663390699,1.479617193,0.71469659,0
5.896861491,2.119730996,1.098354546,2.574491849,1.401717495,1.231250718,0
6.749042498,2.020612403,0.844505574,3.653502857,1.261562552,1.128369703,0
6.920078236,1.833880893,0.742824436,2.175762706,1.524532156,0.930872185,0
11.00795671,1.308531603,0.429644031,3.389154237,1.202012062,0.907814102,1
10.63456286,2.620119101,0.484305018,3.296719796,1.166693328,1.538889101,1
11.26114069,2.155555197,0.951755953,4.879602059,0.954235208,0.630949371,0
9.231509082,2.603196587,0.676616927,5.23835058,1.020846536,1.485967179,1
5.603493146,2.767685755,1.07534045,4.559110186,1.197052175,0.421311505,0
5.189664476,1.806923723,0.649470232,2.510485926,1.144723652,1.157027939,0
15.86453851,2.401790177,1.076303079,1.688254508,1.111046098,1.382624366,0
12.4766992,2.88256622,1.065679509,2.164135309,1.439233833,1.100934403,0
7.10167534,2.033732458,1.417877497,3.099140003,1.154156437,0.934393948,0
16.90876037,1.94821117,0.800810645,5.028386767,1.109526872,1.187002183,1
14.81779905,0.930528488,0.983168734,6.497104168,0.86910045,1.275991273,1
8.662383923,1.615164542,0.784331298,3.119078241,0.989333859,1.606944003,1
11.60185775,2.745992717,1.397306413,5.965152845,0.89365932,1.18900679,0
5.822981526,3.085379833,1.248359825,3.808635702,1.263425061,0.900186357,0
8.508672848,2.357231309,1.499348566,5.054038212,1.413406328,0.774502292,0
11.94765795,1.977741281,0.603930958,4.74452748,1.139054653,1.118563888,1
13.69275054,2.372787598,0.486905571,4.300947107,0.874874662,1.512495179,1
14.56793779,1.960245455,0.59700833,4.279119745,0.575443969,1.168233119,1
6.166501787,2.378193317,0.991711508,4.192008615,1.133081617,1.051224826,0
16.50750464,1.3524084,0.67446018,2.248422407,1.194528377,1.099091466,1
14.24577678,1.413924421,0.309048267,2.75826706,0.881674472,1.357554573,1
15.92683676,3.280406809,0.979246656,1.843278753,1.155492107,1.064097425,0
15.73596275,1.630258746,0.994647646,1.63514039,1.415480282,1.167224225,0
2.092940021,1.949018986,0.982791799,2.808717949,1.170854279,1.14521513,0
14.32599189,2.209528226,0.352270608,5.413698614,0.694371004,1.089839209,1
11.18930344,2.385433733,1.197899039,3.111635061,0.765660777,0.694085903,0
5.654422189,2.220170752,0.709728145,5.775900619,0.874402616,1.330282888,0
16.55065769,2.054538958,0.766609964,2.943669418,0.846626396,1.568282462,1
18.99427509,2.070577471,0.624145097,4.019304749,0.498862262,1.359003049,1
12.0769301,1.750607426,0.67944589,3.960454911,0.946198943,1.534257231,1
4.074648981,2.003441335,1.174229594,4.763197206,0.750500341,0.967810904,0
8.625034366,2.516005623,0.987471229,2.167532621,0.906803758,1.078314385,0
13.68292252,1.978472351,0.715257406,3.589800895,1.181702724,1.292454865,1
3.271710994,2.535427912,1.091966932,3.819235717,0.91111854,1.074212995,0
15.23339479,2.069632355,0.606526311,4.558681527,1.337389634,1.698903901,1
8.924368138,2.203812778,0.661003484,5.797353746,1.257765289,1.299540896,0
17.36671712,2.82735647,0.802094312,3.297457145,0.627298269,1.379320994,1
8.129524146,2.67763961,1.66838248,4.771790561,0.947474452,1.031623573,0
7.25226654,2.76706066,0.945815397,2.545225472,0.434604563,0.926916681,0
14.03900198,2.351835099,0.521725945,3.191452216,1.397773612,1.44491082,1
11.0373062,2.125403512,0.809513374,2.794236385,0.876162717,1.785440077,1
14.29331024,2.917444895,0.531353704,3.03782705,0.907075332,0.810060522,0
13.7813559,1.30001496,1.194496209,3.445379114,1.395450095,1.49614055,1
13.18699249,2.146257317,0.382642195,5.195134138,0.832016132,1.413091661,1
14.5346569,2.230787477,0.536972185,3.16885784,0.604503118,1.129227804,1
5.769831736,1.282049106,1.349710913,3.492435712,1.119976421,0.660743712,0
10.77494868,1.507546102,0.595292133,4.431805169,0.92769903,1.367972423,1
15.79817253,1.731755765,0.616333588,3.658480803,0.979298692,1.732949461,1
11.82463231,2.674946159,1.128783961,3.265639474,1.612146705,0.911608845,0
12.76288162,1.6415351,0.58599359,2.991526308,0.672824546,1.581031485,1
10.4215151,2.463808302,0.458679936,2.099426367,1.145969955,1.324281855,1
7.816824629,2.488075235,0.61346636,4.736627491,0.923191305,1.087301274,1
12.61988718,2.090089875,0.945830018,2.251346095,1.276128105,1.240329578,0
13.16338309,1.971048959,1.145977375,3.047764181,1.163287845,0.717275101,0
13.02282757,1.152238286,0.664897164,5.291353403,1.107475047,1.164467378,1
14.62136618,2.413008852,0.766294481,2.797949451,0.941893788,1.619716962,1
11.74771659,0.964100852,0.513421954,2.02802291,1.224243532,1.142057704,1
14.30788905,2.776981796,1.190231432,1.481275655,1.22666866,0.966997744,0
14.33986289,2.780670631,0.956136767,3.194347522,1.335055785,0.682732574,0
11.71131972,1.839112416,0.661702168,3.539356932,1.02125845,1.539609056,1
13.47029057,1.12829344,0.589502061,5.216513084,0.951634626,1.276376592,1
9.120635422,3.023831151,1.17492312,2.702791516,0.791463497,0.8612776,0
14.20280896,2.205832016,1.000244147,4.988307249,0.485469131,1.531579895,1
11.21728405,1.812379791,0.67324867,1.52954709,1.042995391,1.21895139,1
12.44589063,2.863325097,0.653568488,1.781190983,1.017408306,1.259952593,1
11.16468108,1.685977046,0.912249734,2.570503693,0.882606707,1.272549639,0
16.28453069,1.990783784,0.886423345,5.765426739,0.961871527,1.541225878,1
16.78924595,1.90275515,0.345128882,2.231477836,0.840713593,0.941263573,1
14.84315823,1.799517518,0.628372863,3.557724693,0.489797991,1.414581169,1
12.53736027,2.047958452,0.586258197,4.248052894,0.760574537,1.693079168,1
10.8081562,1.637671054,0.50670842,1.939368404,0.813620818,1.371064372,1
11.53663669,2.013615653,0.530626096,2.647057836,0.721117096,1.405503197,1
18.9690906,2.089071362,0.584461514,5.642282795,0.980424067,1.243462221,1
16.39065526,2.397257253,0.645821375,3.604259292,1.36361577,1.330783234,1
9.303208798,2.810589551,1.000656558,2.059152429,1.047748201,0.620757555,0
16.7087226,1.674961824,0.415286728,4.939462583,0.729587629,1.627910508,1
9.784630909,2.34540137,0.912976262,5.126107901,0.843881622,1.376685389,0
15.39740997,2.030467659,0.390681671,3.894846451,1.28406413,1.405202926,1
8.601336054,2.969094059,1.023178423,3.945073782,1.634041984,0.645380434,0
10.47676137,2.108510772,0.84993289,3.383847059,0.932894548,0.961994642,0
9.067376285,2.05004268,1.066666463,1.509769997,1.096257686,0.681956523,0
11.87540517,2.154176231,0.672122422,2.723398494,1.266125301,1.631382289,1
9.575669656,2.761027947,1.045968469,5.178586159,1.093757365,1.334686031,0
17.88915804,1.984390489,1.394493005,3.400806136,0.914176899,1.652037569,1
5.604706911,2.468062991,1.177821151,2.323853788,1.051342274,1.145847822,0
8.988789014,2.42785703,1.190029256,2.100970623,0.83422302,0.998878497,0
8.439226062,2.400933551,1.220077378,2.295436231,1.039901358,1.060276815,0
12.34178547,2.612706051,1.048958074,2.428278075,1.275303145,1.032762319,0
14.24085282,2.221456265,0.325656907,4.475461853,1.013261997,0.972364821,1
14.15303498,2.653559487,0.616041312,1.989559238,0.915999344,1.403225988,1
6.51095165,1.856849561,1.214297545,3.088766009,1.053925888,0.798048084,0
12.5005939,1.681161573,1.054503345,3.036961395,1.012078443,1.527424404,1
13.55248724,2.247363606,0.465123062,3.949022684,1.09758223,1.168252174,1
13.44183993,1.931739592,0.492431277,5.061037673,0.935763778,1.513690929,1
16.80973254,2.797067753,0.793493252,3.086183924,0.753696814,0.945306248,1
9.629303389,2.355115248,0.85906255,3.126218429,0.880820836,1.104242413,0
8.770313389,2.727800782,0.857415498,2.719046173,0.710565658,1.161667885,0
11.27048122,1.410105752,1.064315461,2.909550545,1.326666416,1.205930023,1
15.83253937,1.125983359,0.440993683,2.986925886,0.779458238,1.211184598,1
13.51649858,2.816749765,0.821538233,2.04806982,0.666559031,1.399518288,1
12.39842289,2.027152918,1.222756612,1.756328853,0.831673944,1.145613991,0
11.25814192,2.615805882,1.332864903,3.956903166,0.902984928,1.37742711,0
10.0236414,2.606717101,0.728743885,4.057519175,1.024821219,1.008860887,0
10.76497159,1.565496569,0.330810297,2.936889872,1.067372232,1.188659107,1
19.31861634,2.252265457,0.967453965,4.860704889,1.210153089,0.95682407,1
7.512211695,2.90620894,1.233504779,3.069462376,1.447785299,1.285125812,0
7.600646647,2.008999153,1.248107676,5.296587694,1.30117631,0.945928686,0
4.277634334,2.365313895,0.672876279,5.341961337,0.53151628,0.995391275,0
13.70404556,2.388059668,1.299440269,3.681719971,1.411419334,0.780526207,0
4.031905231,2.686014864,0.826095756,4.216796893,0.957316101,1.100409284,0
9.656145207,1.4742413,0.332620765,3.331816573,1.018735489,1.269676165,1
19.17337257,1.855317266,0.554321326,3.75336552,0.90220771,1.276497521,1
10.51697925,1.678627893,1.179023829,1.275426196,1.439665166,0.853887413,0
11.06011829,2.723325331,1.259150254,3.24961211,1.370694941,0.799699289,0
4.467766075,1.951923565,0.549580342,2.595214161,1.156110046,0.882540557,0
16.88450319,1.999263207,0.41429454,2.991834492,1.170321677,1.503445432,1
10.65686226,1.514726945,1.427843854,4.206817525,1.2035069,0.530754678,0
14.0975398,2.036752777,0.696083336,1.34560399,1.115722001,1.005263481,0
11.22239054,1.593517926,0.803251416,3.424915891,1.081237822,1.456454336,1
15.12669967,1.22008922,0.578569062,2.622920236,1.121034842,1.048839523,1
11.53918977,2.245352278,0.231524309,4.33359447,1.385337671,0.972178197,1
13.80245425,1.45273845,0.858907523,3.754282235,0.63981633,1.263449548,1
4.02769331,2.15656055,0.961443389,3.105982695,1.294154257,0.932976318,0
10.28757294,1.518067514,0.805310206,3.17074629,1.037998138,1.202473955,0
7.345868572,2.709747404,1.147571286,3.671964042,1.308311716,1.050995164,0
5.768244952,2.480384448,0.754193617,4.023097017,1.332328465,1.337146562,1
10.51334164,1.884827282,1.060604713,7.390206875,0.818773208,0.522876644,0
13.23134386,2.014326293,0.535050893,3.166101869,0.736791183,1.180497115,1
9.715521145,3.205400603,0.990945238,3.249663679,1.118882778,0.978616353,0
8.804244077,2.099271982,0.729194245,4.25756211,1.55201506,1.464801669,1
14.55180251,1.678123553,0.456011906,3.867099321,1.091210052,1.512755726,1
12.13143691,2.068012266,0.853115975,3.112297954,1.036610303,1.117339811,1
6.906345889,1.911571308,0.941835184,3.964408177,1.414277088,0.958683723,0
13.62563801,1.964924657,0.781905159,4.583688138,0.901031363,0.919191428,1
13.01873389,1.723538333,0.407157709,3.328480318,1.608612004,1.277455782,1
10.04951446,1.922367046,0.417005988,3.998922407,0.934399029,1.257189976,1